transaction_id,store_name,product_name,product_category,total_price,age_group
T65,Store_2,Product_J,Home,113.64,18-25
T794,Store_4,Product_G,Groceries,176.79,41-60
T600,Store_4,Product_D,Home,71.72,60+
T1545,Store_1,Product_A,Electronics,225.66,41-60
T1177,Store_5,Product_H,Toys,18.56,26-40
T1071,Store_5,Product_D,Groceries,85.37,60+
T835,Store_2,Product_F,Toys,173.86,26-40
T152,Store_2,Product_G,Groceries,144.21,18-25
T623,Store_9,Product_A,Electronics,272.88,41-60
T1199,Store_10,Product_E,Electronics,253.17,18-25
T724,Store_7,Product_I,Clothing,264.65,26-40
T599,Store_10,Product_C,Home,229.46,26-40
T66,Store_6,Product_A,Electronics,24.72,41-60
T1501,Store_9,Product_C,Home,127.93,26-40
T166,Store_8,Product_C,Electronics,261.42,18-25
T933,Store_10,Product_B,Clothing,274.97,18-25
T550,Store_9,Product_F,Home,73.94,41-60
T400,Store_7,Product_J,Toys,23.7,18-25
T1430,Store_10,Product_J,Clothing,282.22,26-40
T295,Store_3,Product_F,Clothing,132.82,60+
T603,Store_10,Product_J,Home,24.65,18-25
T1036,Store_6,Product_B,Toys,231.93,18-25
T262,Store_8,Product_I,Groceries,74.62,26-40
T1609,Store_7,Product_I,Home,255.19,60+
T383,Store_6,Product_H,Clothing,143.92,41-60
T426,Store_8,Product_G,Groceries,294.13,60+
T24,Store_1,Product_H,Groceries,154.36,26-40
T1896,Store_8,Product_I,Toys,124.55,18-25
T714,Store_2,Product_I,Toys,283.48,26-40
T1330,Store_8,Product_G,Home,115.66,60+
T1681,Store_4,Product_G,Electronics,242.42,26-40
T660,Store_1,Product_J,Electronics,240.8,41-60
T979,Store_8,Product_H,Toys,252.66,26-40
T1524,Store_1,Product_J,Electronics,35.49,18-25
T353,Store_2,Product_A,Groceries,84.41,26-40
T276,Store_10,Product_B,Toys,267.93,26-40
T1450,Store_2,Product_C,Toys,130.83,26-40
T480,Store_4,Product_F,Home,296.69,60+
T1552,Store_5,Product_E,Home,100.24,18-25
T1330,Store_2,Product_D,Home,238.13,60+
T733,Store_4,Product_B,Groceries,105.22,41-60
T96,Store_3,Product_I,Clothing,293.74,26-40
T1565,Store_2,Product_F,Electronics,255.44,18-25
T520,Store_1,Product_A,Home,66.32,26-40
T498,Store_2,Product_D,Clothing,251.05,41-60
T882,Store_9,Product_C,Electronics,150.36,60+
T796,Store_7,Product_F,Toys,176.26,26-40
T1098,Store_5,Product_F,Groceries,280.6,60+
T606,Store_7,Product_F,Home,255.63,26-40
T810,Store_5,Product_I,Home,247.96,26-40
T1332,Store_1,Product_E,Electronics,238.66,18-25
T317,Store_4,Product_I,Home,204.87,60+
T1887,Store_10,Product_I,Home,151.19,41-60
T381,Store_6,Product_G,Toys,172.0,26-40
T1475,Store_1,Product_D,Home,219.01,60+
T1059,Store_4,Product_D,Electronics,237.65,18-25
T1473,Store_6,Product_G,Toys,68.41,60+
T218,Store_7,Product_F,Clothing,124.03,41-60
T368,Store_4,Product_B,Toys,127.8,26-40
T16,Store_5,Product_G,Groceries,135.16,41-60
T1055,Store_7,Product_E,Toys,44.54,60+
T1229,Store_6,Product_H,Clothing,13.22,60+
T1520,Store_2,Product_B,Toys,16.38,18-25
T1910,Store_2,Product_H,Toys,268.92,26-40
T1579,Store_1,Product_F,Toys,135.55,41-60
T710,Store_1,Product_D,Toys,42.78,41-60
T1850,Store_3,Product_G,Electronics,58.87,41-60
T222,Store_3,Product_F,Clothing,126.58,18-25
T1206,Store_8,Product_C,Groceries,160.56,41-60
T1398,Store_4,Product_H,Clothing,44.22,26-40
T1374,Store_7,Product_B,Groceries,203.87,60+
T742,Store_5,Product_I,Home,268.55,41-60
T1711,Store_10,Product_H,Home,231.68,41-60
T824,Store_5,Product_G,Toys,214.95,41-60
T1681,Store_2,Product_H,Groceries,289.17,41-60
T336,Store_10,Product_G,Groceries,280.0,60+
T216,Store_3,Product_A,Toys,16.38,18-25
T1683,Store_6,Product_G,Clothing,256.06,60+
T471,Store_3,Product_D,Toys,152.3,60+
T1934,Store_8,Product_G,Clothing,76.68,26-40
T901,Store_7,Product_C,Electronics,255.42,60+
T424,Store_3,Product_E,Groceries,47.81,41-60
T1939,Store_4,Product_J,Clothing,261.14,18-25
T795,Store_5,Product_A,Clothing,119.03,26-40
T1120,Store_2,Product_J,Electronics,285.46,41-60
T122,Store_2,Product_C,Groceries,98.99,18-25
T1327,Store_5,Product_J,Toys,65.94,60+
T188,Store_8,Product_D,Home,137.68,60+
T869,Store_3,Product_B,Home,100.7,26-40
T794,Store_9,Product_H,Home,183.77,41-60
T1543,Store_9,Product_H,Electronics,277.59,60+
T1847,Store_5,Product_J,Clothing,216.56,26-40
T296,Store_9,Product_A,Electronics,67.25,41-60
T1386,Store_8,Product_A,Toys,140.98,41-60
T1033,Store_9,Product_E,Groceries,245.01,26-40
T613,Store_9,Product_C,Electronics,282.96,26-40
T1606,Store_4,Product_E,Electronics,105.39,26-40
T1685,Store_1,Product_I,Home,168.85,41-60
T1698,Store_4,Product_I,Groceries,35.15,41-60
T1306,Store_10,Product_H,Electronics,164.93,26-40
T1171,Store_2,Product_G,Clothing,294.77,26-40
T49,Store_4,Product_B,Groceries,19.09,26-40
T436,Store_8,Product_J,Groceries,291.62,26-40
T1813,Store_5,Product_F,Groceries,31.53,26-40
T1917,Store_2,Product_B,Electronics,49.55,41-60
T1696,Store_1,Product_H,Electronics,230.77,18-25
T279,Store_1,Product_B,Home,75.59,18-25
T401,Store_8,Product_D,Groceries,89.99,26-40
T654,Store_2,Product_I,Toys,98.39,26-40
T1723,Store_7,Product_F,Home,16.14,18-25
T83,Store_9,Product_E,Clothing,108.81,26-40
T1491,Store_3,Product_J,Electronics,265.84,60+
T1682,Store_10,Product_F,Clothing,9.35,41-60
T1434,Store_2,Product_H,Clothing,266.91,60+
T1168,Store_4,Product_F,Toys,109.26,60+
T342,Store_10,Product_F,Electronics,40.97,26-40
T479,Store_5,Product_F,Electronics,78.29,60+
T599,Store_6,Product_G,Groceries,77.81,26-40
T93,Store_4,Product_G,Toys,283.5,26-40
T1477,Store_7,Product_D,Electronics,88.79,41-60
T1494,Store_10,Product_H,Home,40.52,18-25
T1958,Store_6,Product_A,Toys,82.36,41-60
T1707,Store_6,Product_E,Toys,151.32,41-60
T847,Store_10,Product_D,Clothing,185.91,41-60
T1747,Store_7,Product_J,Clothing,192.34,26-40
T519,Store_4,Product_J,Home,199.66,26-40
T340,Store_2,Product_D,Home,241.62,18-25
T1166,Store_8,Product_H,Home,276.25,18-25
T379,Store_3,Product_F,Groceries,209.85,41-60
T986,Store_9,Product_G,Electronics,251.07,18-25
T556,Store_5,Product_F,Home,292.58,60+
T780,Store_8,Product_G,Clothing,170.77,18-25
T233,Store_7,Product_B,Toys,179.68,41-60
T1208,Store_2,Product_H,Home,192.83,18-25
T849,Store_6,Product_G,Toys,279.88,26-40
T863,Store_10,Product_G,Electronics,191.5,60+
T621,Store_10,Product_D,Electronics,222.11,60+
T1113,Store_5,Product_I,Home,279.63,60+
T686,Store_4,Product_C,Clothing,154.2,60+
T1474,Store_6,Product_C,Toys,123.2,41-60
T680,Store_9,Product_H,Home,251.07,26-40
T1664,Store_9,Product_H,Home,15.91,18-25
T400,Store_6,Product_D,Groceries,13.84,41-60
T637,Store_5,Product_A,Home,139.97,60+
T62,Store_7,Product_H,Groceries,239.78,41-60
T675,Store_9,Product_A,Home,228.68,60+
T1554,Store_7,Product_E,Groceries,219.61,26-40
T1803,Store_4,Product_C,Toys,276.87,18-25
T937,Store_1,Product_C,Groceries,215.7,60+
T279,Store_9,Product_I,Toys,243.93,41-60
T712,Store_1,Product_I,Home,207.72,41-60
T1630,Store_4,Product_H,Clothing,56.06,18-25
T1935,Store_7,Product_D,Toys,168.94,41-60
T1501,Store_3,Product_G,Electronics,147.68,41-60
T302,Store_10,Product_C,Groceries,221.17,41-60
T757,Store_6,Product_H,Groceries,137.39,26-40
T1130,Store_4,Product_C,Toys,197.19,26-40
T714,Store_5,Product_J,Clothing,147.24,18-25
T1669,Store_1,Product_H,Clothing,43.56,18-25
T35,Store_7,Product_E,Toys,295.49,18-25
T124,Store_5,Product_F,Clothing,246.66,26-40
T512,Store_1,Product_I,Toys,144.91,18-25
T190,Store_8,Product_G,Home,241.97,26-40
T1663,Store_1,Product_I,Groceries,16.21,18-25
T1221,Store_4,Product_F,Groceries,198.55,60+
T1686,Store_6,Product_A,Home,162.02,26-40
T959,Store_5,Product_F,Groceries,272.7,41-60
T57,Store_8,Product_D,Groceries,19.25,18-25
T84,Store_5,Product_E,Home,286.63,26-40
T721,Store_2,Product_F,Clothing,30.6,41-60
T627,Store_10,Product_D,Toys,165.88,18-25
T1363,Store_2,Product_G,Toys,154.16,18-25
T372,Store_6,Product_B,Toys,264.37,41-60
T207,Store_3,Product_B,Toys,179.96,60+
T1040,Store_9,Product_F,Groceries,106.91,18-25
T1588,Store_3,Product_E,Groceries,279.21,60+
T1932,Store_7,Product_D,Clothing,65.88,18-25
T1096,Store_1,Product_D,Toys,172.69,26-40
T352,Store_9,Product_A,Toys,207.49,60+
T1669,Store_9,Product_E,Home,247.37,41-60
T302,Store_6,Product_H,Groceries,56.27,18-25
T1605,Store_5,Product_H,Toys,204.83,26-40
T1852,Store_10,Product_G,Home,220.89,26-40
T1946,Store_7,Product_D,Electronics,124.29,18-25
T127,Store_5,Product_F,Home,262.86,26-40
T291,Store_2,Product_H,Electronics,275.96,60+
T508,Store_6,Product_F,Groceries,94.08,41-60
T286,Store_2,Product_F,Clothing,149.79,41-60
T1479,Store_10,Product_E,Electronics,108.12,18-25
T1971,Store_8,Product_I,Electronics,154.63,60+
T817,Store_9,Product_C,Toys,6.77,60+
T1284,Store_1,Product_I,Clothing,162.92,60+
T1843,Store_9,Product_C,Clothing,155.77,60+
T290,Store_7,Product_E,Clothing,225.5,41-60
T1582,Store_7,Product_F,Toys,25.14,60+
T972,Store_6,Product_B,Home,192.42,60+
T594,Store_2,Product_H,Toys,205.77,18-25
T186,Store_3,Product_B,Groceries,160.69,26-40
T416,Store_4,Product_F,Electronics,37.17,41-60
T481,Store_9,Product_H,Home,163.32,60+
T22,Store_2,Product_B,Toys,143.15,18-25
T677,Store_3,Product_C,Clothing,233.04,60+
T789,Store_7,Product_D,Home,101.03,18-25
T1002,Store_1,Product_F,Toys,52.42,60+
T1219,Store_6,Product_A,Electronics,250.59,41-60
T1925,Store_5,Product_H,Electronics,90.45,41-60
T1711,Store_3,Product_A,Toys,284.79,41-60
T63,Store_8,Product_E,Clothing,92.76,18-25
T1210,Store_4,Product_A,Home,117.07,60+
T903,Store_6,Product_D,Clothing,261.83,60+
T950,Store_1,Product_D,Groceries,196.65,18-25
T1105,Store_6,Product_G,Electronics,141.88,60+
T404,Store_1,Product_D,Clothing,61.31,41-60
T605,Store_2,Product_C,Clothing,93.68,60+
T1414,Store_7,Product_G,Electronics,50.32,18-25
T1188,Store_10,Product_I,Groceries,93.32,18-25
T677,Store_1,Product_C,Electronics,133.76,41-60
T998,Store_10,Product_E,Groceries,159.71,26-40
T1745,Store_5,Product_D,Toys,69.55,41-60
T1929,Store_8,Product_I,Groceries,283.42,41-60
T732,Store_5,Product_D,Groceries,264.15,60+
T1526,Store_9,Product_H,Toys,294.32,60+
T1094,Store_7,Product_G,Home,237.12,26-40
T1937,Store_2,Product_C,Home,253.93,26-40
T483,Store_7,Product_E,Groceries,37.84,60+
T18,Store_3,Product_B,Groceries,248.38,60+
T1732,Store_4,Product_E,Clothing,141.94,41-60
T940,Store_7,Product_E,Toys,82.54,26-40
T458,Store_7,Product_G,Home,7.44,26-40
T1639,Store_9,Product_H,Electronics,289.48,60+
T548,Store_1,Product_D,Groceries,200.49,41-60
T1118,Store_5,Product_C,Toys,181.81,18-25
T1979,Store_5,Product_I,Clothing,226.29,18-25
T1276,Store_10,Product_F,Home,205.13,60+
T1694,Store_2,Product_E,Clothing,166.53,60+
T1204,Store_1,Product_J,Clothing,89.09,26-40
T1789,Store_3,Product_B,Toys,191.24,60+
T1771,Store_3,Product_C,Clothing,51.38,18-25
T343,Store_7,Product_A,Groceries,252.49,41-60
T1529,Store_6,Product_C,Groceries,84.03,26-40
T231,Store_2,Product_I,Toys,237.01,60+
T109,Store_8,Product_B,Toys,84.16,41-60
T884,Store_4,Product_H,Electronics,64.38,18-25
T1673,Store_10,Product_D,Clothing,18.57,26-40
T126,Store_9,Product_B,Electronics,23.37,18-25
T1580,Store_2,Product_H,Clothing,263.85,41-60
T454,Store_6,Product_I,Clothing,91.19,26-40
T89,Store_3,Product_J,Clothing,48.1,60+
T797,Store_3,Product_B,Clothing,94.88,26-40
T627,Store_1,Product_D,Clothing,192.88,18-25
T1730,Store_6,Product_D,Clothing,9.5,60+
T853,Store_9,Product_B,Clothing,141.71,26-40
T1321,Store_6,Product_J,Groceries,109.15,60+
T1599,Store_7,Product_E,Electronics,90.02,18-25
T1640,Store_10,Product_B,Groceries,201.01,18-25
T1621,Store_6,Product_D,Home,98.94,60+
T477,Store_7,Product_D,Clothing,113.91,41-60
T1687,Store_6,Product_C,Groceries,19.56,41-60
T606,Store_4,Product_E,Toys,96.93,26-40
T493,Store_5,Product_A,Groceries,34.7,18-25
T470,Store_6,Product_H,Groceries,39.22,18-25
T1727,Store_10,Product_D,Electronics,124.1,41-60
T283,Store_4,Product_C,Electronics,234.11,18-25
T957,Store_2,Product_B,Electronics,229.91,18-25
T193,Store_10,Product_C,Electronics,278.73,26-40
T1357,Store_4,Product_B,Clothing,211.72,26-40
T563,Store_1,Product_F,Toys,241.96,60+
T1380,Store_10,Product_A,Groceries,32.87,60+
T756,Store_3,Product_C,Clothing,133.68,18-25
T1404,Store_10,Product_B,Electronics,148.26,18-25
T1968,Store_4,Product_D,Toys,290.98,41-60
T1766,Store_5,Product_F,Home,33.2,26-40
T1629,Store_9,Product_F,Toys,196.27,60+
T1107,Store_10,Product_C,Electronics,254.39,60+
T1436,Store_8,Product_C,Groceries,258.93,60+
T1914,Store_9,Product_A,Clothing,219.8,60+
T803,Store_6,Product_B,Groceries,159.88,26-40
T1457,Store_1,Product_J,Groceries,37.92,60+
T1473,Store_1,Product_I,Toys,33.15,26-40
T817,Store_5,Product_G,Groceries,20.51,60+
T954,Store_7,Product_I,Toys,35.65,26-40
T1288,Store_9,Product_D,Toys,139.2,18-25
T463,Store_3,Product_G,Groceries,198.91,60+
T1442,Store_8,Product_I,Home,64.6,41-60
T1694,Store_2,Product_H,Groceries,212.18,60+
T1616,Store_1,Product_F,Toys,298.46,60+
T163,Store_10,Product_D,Home,95.01,41-60
T1754,Store_3,Product_A,Electronics,217.38,26-40
T1304,Store_5,Product_D,Electronics,246.6,18-25
T1061,Store_9,Product_F,Toys,18.92,18-25
T1490,Store_10,Product_H,Toys,82.63,18-25
T657,Store_3,Product_C,Groceries,8.89,26-40
T1315,Store_1,Product_H,Home,246.04,26-40
T624,Store_7,Product_B,Groceries,152.65,18-25
T1434,Store_6,Product_I,Clothing,201.72,41-60
T236,Store_5,Product_C,Clothing,270.71,26-40
T148,Store_3,Product_G,Home,273.25,18-25
T1087,Store_6,Product_A,Home,295.35,18-25
T1545,Store_2,Product_I,Groceries,7.76,60+
T1045,Store_4,Product_I,Electronics,131.4,18-25
T924,Store_9,Product_B,Home,285.37,60+
T990,Store_1,Product_E,Home,34.08,60+
T331,Store_7,Product_G,Electronics,217.87,41-60
T699,Store_5,Product_E,Electronics,189.42,41-60
T88,Store_3,Product_J,Electronics,235.13,41-60
T904,Store_3,Product_F,Home,298.85,41-60
T771,Store_7,Product_J,Toys,27.72,18-25
T503,Store_3,Product_C,Groceries,25.1,26-40
T119,Store_2,Product_E,Home,215.33,26-40
T1413,Store_9,Product_G,Toys,131.26,26-40
T934,Store_9,Product_F,Groceries,96.89,26-40
T891,Store_8,Product_I,Groceries,69.74,26-40
T1069,Store_1,Product_J,Home,231.76,60+
T334,Store_8,Product_C,Toys,78.05,60+
T233,Store_2,Product_J,Electronics,202.67,18-25
T560,Store_8,Product_E,Groceries,165.77,26-40
T1817,Store_7,Product_E,Toys,21.9,41-60
T1877,Store_6,Product_E,Groceries,185.29,60+
T1762,Store_6,Product_B,Clothing,132.5,60+
T66,Store_3,Product_E,Toys,74.54,41-60
T1501,Store_3,Product_I,Electronics,182.47,18-25
T882,Store_9,Product_F,Home,164.61,41-60
T208,Store_5,Product_F,Toys,73.25,26-40
T268,Store_6,Product_A,Electronics,167.78,60+
T1733,Store_4,Product_B,Home,148.71,26-40
T1174,Store_9,Product_E,Clothing,29.89,60+
T1080,Store_7,Product_C,Home,162.42,41-60
T1292,Store_4,Product_F,Electronics,287.19,60+
T1873,Store_3,Product_A,Clothing,97.1,41-60
T46,Store_9,Product_H,Groceries,25.85,41-60
T698,Store_9,Product_C,Clothing,87.01,26-40
T1427,Store_10,Product_D,Clothing,273.13,60+
T1109,Store_8,Product_D,Groceries,124.87,60+
T1045,Store_2,Product_J,Toys,45.84,18-25
T1896,Store_3,Product_I,Groceries,132.16,18-25
T914,Store_3,Product_C,Clothing,234.15,60+
T1587,Store_3,Product_G,Electronics,55.15,41-60
T369,Store_1,Product_G,Groceries,152.69,41-60
T1781,Store_4,Product_I,Clothing,215.53,41-60
T1445,Store_2,Product_G,Clothing,133.99,26-40
T1539,Store_5,Product_H,Home,43.37,60+
T1743,Store_2,Product_E,Clothing,259.92,41-60
T1918,Store_10,Product_B,Home,244.78,26-40
T819,Store_8,Product_H,Toys,254.48,60+
T1631,Store_8,Product_C,Groceries,256.23,41-60
T1491,Store_4,Product_A,Electronics,238.9,26-40
T551,Store_6,Product_B,Clothing,122.62,41-60
T666,Store_1,Product_A,Electronics,55.66,60+
T1279,Store_5,Product_B,Groceries,31.6,18-25
T874,Store_3,Product_D,Toys,206.05,60+
T1458,Store_9,Product_C,Home,137.17,60+
T1741,Store_4,Product_E,Electronics,272.41,18-25
T1998,Store_10,Product_B,Electronics,29.04,60+
T1475,Store_1,Product_F,Home,105.01,41-60
T1514,Store_4,Product_I,Clothing,114.86,41-60
T1808,Store_7,Product_C,Groceries,83.18,41-60
T1760,Store_3,Product_E,Toys,253.19,26-40
T276,Store_6,Product_C,Electronics,124.94,26-40
T1895,Store_2,Product_J,Home,18.27,41-60
T873,Store_1,Product_A,Groceries,133.87,60+
T1384,Store_1,Product_E,Toys,220.56,26-40
T1687,Store_7,Product_G,Toys,221.74,18-25
T479,Store_6,Product_D,Clothing,281.31,41-60
T237,Store_3,Product_H,Clothing,55.48,41-60
T853,Store_8,Product_E,Clothing,145.09,60+
T965,Store_5,Product_J,Toys,109.27,41-60
T1685,Store_5,Product_H,Toys,57.86,26-40
T605,Store_8,Product_F,Toys,233.94,18-25
T1194,Store_6,Product_J,Electronics,110.66,26-40
T1735,Store_3,Product_B,Clothing,23.26,60+
T1553,Store_3,Product_I,Clothing,99.45,41-60
T792,Store_4,Product_A,Toys,158.5,41-60
T300,Store_9,Product_A,Toys,69.74,18-25
T818,Store_4,Product_J,Clothing,22.68,60+
T1288,Store_9,Product_C,Electronics,99.78,18-25
T1072,Store_8,Product_C,Groceries,172.72,26-40
T1553,Store_1,Product_E,Home,45.25,18-25
T941,Store_10,Product_D,Groceries,68.78,41-60
T509,Store_9,Product_B,Toys,221.6,60+
T815,Store_6,Product_G,Electronics,83.26,41-60
T1827,Store_1,Product_B,Clothing,195.35,18-25
T1461,Store_3,Product_I,Clothing,191.17,18-25
T481,Store_1,Product_E,Toys,141.77,26-40
T652,Store_6,Product_D,Home,237.62,26-40
T1141,Store_5,Product_I,Electronics,281.31,26-40
T1478,Store_9,Product_E,Home,247.18,41-60
T1436,Store_4,Product_D,Toys,62.53,18-25
T650,Store_8,Product_B,Clothing,22.15,18-25
T1379,Store_1,Product_D,Home,241.53,41-60
T512,Store_8,Product_G,Clothing,23.81,18-25
T496,Store_8,Product_H,Groceries,188.79,18-25
T426,Store_2,Product_H,Home,104.54,60+
T1969,Store_9,Product_C,Clothing,77.11,18-25
T1761,Store_10,Product_A,Electronics,105.69,18-25
T1323,Store_5,Product_H,Toys,123.23,41-60
T583,Store_4,Product_I,Clothing,64.68,41-60
T1393,Store_7,Product_G,Electronics,98.54,18-25
T1242,Store_8,Product_J,Groceries,228.75,41-60
T1120,Store_7,Product_C,Electronics,247.65,60+
T190,Store_3,Product_C,Groceries,36.1,60+
T1160,Store_2,Product_H,Home,267.71,41-60
T265,Store_7,Product_D,Home,235.02,18-25
T810,Store_9,Product_H,Electronics,181.76,26-40
T1474,Store_4,Product_G,Clothing,283.2,26-40
T1892,Store_1,Product_B,Toys,102.62,26-40
T757,Store_6,Product_J,Electronics,291.04,18-25
T1641,Store_2,Product_B,Electronics,262.09,60+
T1794,Store_4,Product_G,Clothing,109.67,26-40
T1857,Store_9,Product_G,Home,209.01,18-25
T524,Store_3,Product_A,Toys,51.12,60+
T1705,Store_2,Product_I,Clothing,206.82,26-40
T704,Store_8,Product_H,Electronics,293.31,60+
T1640,Store_7,Product_H,Clothing,222.29,60+
T622,Store_4,Product_B,Toys,242.28,41-60
T1306,Store_9,Product_J,Home,187.9,60+
T698,Store_9,Product_B,Electronics,63.12,26-40
T1507,Store_1,Product_H,Home,109.63,26-40
T662,Store_5,Product_D,Electronics,6.76,60+
T1703,Store_1,Product_C,Toys,197.92,26-40
T1185,Store_5,Product_D,Groceries,209.75,26-40
T554,Store_6,Product_H,Clothing,243.89,18-25
T1708,Store_8,Product_D,Clothing,111.24,41-60
T1789,Store_10,Product_D,Toys,283.77,26-40
T1048,Store_8,Product_D,Groceries,74.99,41-60
T242,Store_5,Product_I,Toys,14.0,41-60
T1736,Store_10,Product_D,Groceries,254.66,60+
T115,Store_6,Product_G,Electronics,75.38,41-60
T960,Store_6,Product_H,Home,239.6,60+
T1459,Store_10,Product_B,Clothing,62.3,18-25
T428,Store_1,Product_E,Toys,88.59,41-60
T1961,Store_4,Product_G,Home,110.87,18-25
T1565,Store_6,Product_H,Toys,102.43,26-40
T1536,Store_3,Product_J,Toys,72.56,18-25
T651,Store_1,Product_A,Home,231.76,60+
T1452,Store_3,Product_A,Groceries,212.78,41-60
T213,Store_5,Product_A,Toys,283.01,60+
T27,Store_9,Product_D,Toys,34.0,41-60
T987,Store_2,Product_G,Toys,270.58,41-60
T143,Store_9,Product_J,Clothing,201.9,18-25
T166,Store_4,Product_E,Clothing,285.77,41-60
T1484,Store_9,Product_A,Electronics,218.08,60+
T125,Store_7,Product_B,Electronics,220.69,60+
T1491,Store_7,Product_E,Clothing,226.17,26-40
T877,Store_10,Product_I,Home,64.83,26-40
T883,Store_6,Product_F,Electronics,48.68,18-25
T1087,Store_5,Product_I,Electronics,114.08,60+
T533,Store_7,Product_B,Groceries,239.56,41-60
T863,Store_5,Product_E,Electronics,24.73,18-25
T336,Store_1,Product_B,Electronics,122.34,60+
T1162,Store_9,Product_D,Clothing,107.4,41-60
T10,Store_3,Product_B,Electronics,75.46,18-25
T913,Store_4,Product_F,Clothing,103.36,26-40
T1940,Store_6,Product_B,Toys,19.77,26-40
T74,Store_2,Product_J,Clothing,21.3,18-25
T704,Store_4,Product_G,Home,18.74,41-60
T541,Store_9,Product_G,Clothing,233.21,41-60
T1518,Store_3,Product_F,Groceries,241.61,41-60
T90,Store_6,Product_H,Toys,46.13,60+
T1755,Store_6,Product_H,Clothing,256.78,41-60
T1318,Store_9,Product_E,Home,287.09,26-40
T879,Store_5,Product_C,Electronics,269.8,26-40
T1709,Store_1,Product_I,Home,48.46,18-25
T864,Store_6,Product_E,Groceries,122.4,26-40
T1335,Store_2,Product_I,Electronics,11.06,26-40
T511,Store_8,Product_F,Clothing,170.19,18-25
T537,Store_10,Product_F,Groceries,13.99,41-60
T1750,Store_7,Product_I,Toys,112.54,60+
T1389,Store_3,Product_I,Electronics,90.02,26-40
T1194,Store_7,Product_F,Clothing,182.52,41-60
T330,Store_6,Product_B,Electronics,171.85,18-25
T254,Store_2,Product_I,Electronics,108.57,18-25
T1566,Store_9,Product_H,Toys,18.25,26-40
T615,Store_3,Product_D,Groceries,209.45,41-60
T164,Store_6,Product_G,Toys,159.01,41-60
T818,Store_8,Product_G,Groceries,32.74,41-60
T533,Store_3,Product_G,Clothing,220.69,41-60
T1250,Store_5,Product_G,Home,295.96,26-40
T334,Store_7,Product_B,Home,125.52,60+
T447,Store_6,Product_J,Home,72.21,41-60
T1001,Store_9,Product_B,Groceries,83.37,60+
T735,Store_7,Product_H,Groceries,136.94,26-40
T357,Store_7,Product_B,Electronics,171.43,18-25
T1669,Store_5,Product_F,Toys,195.77,41-60
T315,Store_7,Product_J,Groceries,73.81,41-60
T527,Store_1,Product_I,Groceries,130.72,41-60
T502,Store_2,Product_F,Clothing,289.82,60+
T359,Store_2,Product_A,Home,294.78,60+
T652,Store_6,Product_A,Clothing,144.25,60+
T1174,Store_7,Product_C,Clothing,295.47,60+
T332,Store_7,Product_B,Home,170.88,26-40
T746,Store_2,Product_I,Groceries,293.31,41-60
T1298,Store_2,Product_B,Toys,153.21,60+
T464,Store_6,Product_C,Clothing,116.94,60+
T1748,Store_1,Product_G,Clothing,48.66,60+
T1104,Store_4,Product_I,Clothing,104.78,41-60
T1047,Store_5,Product_E,Groceries,19.13,60+
T1445,Store_4,Product_J,Home,158.92,18-25
T1554,Store_7,Product_H,Toys,130.68,26-40
T1292,Store_8,Product_I,Toys,191.4,60+
T1657,Store_1,Product_D,Groceries,138.32,41-60
T572,Store_8,Product_D,Home,56.08,60+
T1275,Store_8,Product_B,Electronics,275.93,18-25
T456,Store_3,Product_H,Toys,30.43,41-60
T1005,Store_8,Product_I,Home,234.33,60+
T391,Store_5,Product_B,Clothing,65.51,26-40
T1633,Store_10,Product_H,Home,275.75,60+
T806,Store_9,Product_D,Electronics,225.86,26-40
T470,Store_7,Product_H,Toys,258.33,18-25
T1045,Store_7,Product_D,Clothing,182.93,41-60
T692,Store_10,Product_B,Home,190.09,60+
T891,Store_8,Product_I,Clothing,116.6,18-25
T1704,Store_5,Product_D,Groceries,232.14,41-60
T657,Store_6,Product_F,Electronics,158.33,60+
T277,Store_3,Product_F,Home,267.78,41-60
T1676,Store_4,Product_B,Home,250.93,26-40
T1086,Store_8,Product_A,Home,213.4,18-25
T736,Store_1,Product_C,Home,71.21,60+
T639,Store_8,Product_G,Toys,117.79,18-25
T35,Store_3,Product_C,Clothing,297.22,18-25
T563,Store_7,Product_B,Home,40.42,41-60
T1949,Store_7,Product_B,Clothing,254.3,60+
T1357,Store_9,Product_G,Electronics,264.55,60+
T1670,Store_10,Product_B,Electronics,283.49,18-25
T299,Store_6,Product_F,Home,21.26,26-40
T655,Store_3,Product_E,Electronics,77.93,18-25
T1963,Store_6,Product_C,Clothing,40.8,26-40
T1722,Store_8,Product_J,Home,34.41,26-40
T895,Store_8,Product_B,Home,61.9,60+
T1345,Store_3,Product_F,Groceries,296.97,26-40
T35,Store_5,Product_A,Clothing,91.26,60+
T2000,Store_9,Product_J,Toys,183.0,26-40
T1159,Store_4,Product_J,Home,81.16,41-60
T419,Store_6,Product_G,Toys,207.3,60+
T121,Store_4,Product_C,Clothing,119.3,60+
T1425,Store_6,Product_I,Toys,206.39,18-25
T662,Store_9,Product_D,Groceries,35.96,18-25
T219,Store_1,Product_E,Clothing,34.13,18-25
T490,Store_8,Product_C,Toys,205.29,41-60
T1862,Store_6,Product_G,Home,166.27,60+
T758,Store_9,Product_A,Groceries,37.45,26-40
T1130,Store_7,Product_I,Toys,293.9,41-60
T1251,Store_2,Product_A,Clothing,169.73,60+
T990,Store_4,Product_I,Clothing,290.89,60+
T234,Store_4,Product_D,Toys,268.76,18-25
T495,Store_6,Product_I,Clothing,192.86,60+
T1906,Store_10,Product_E,Electronics,157.23,26-40
T648,Store_8,Product_H,Home,127.68,26-40
T288,Store_9,Product_E,Toys,50.17,41-60
T1175,Store_5,Product_C,Toys,37.77,60+
T756,Store_8,Product_C,Toys,16.17,41-60
T335,Store_8,Product_I,Clothing,297.1,60+
T822,Store_8,Product_D,Toys,250.17,41-60
T454,Store_10,Product_E,Home,66.92,60+
T1264,Store_10,Product_I,Clothing,231.11,60+
T501,Store_9,Product_J,Toys,285.29,26-40
T1994,Store_10,Product_I,Electronics,37.2,26-40
T1322,Store_7,Product_E,Home,223.57,41-60
T1766,Store_2,Product_G,Clothing,82.88,18-25
T333,Store_6,Product_D,Home,263.57,18-25
T461,Store_6,Product_I,Electronics,145.2,18-25
T658,Store_1,Product_C,Electronics,267.64,26-40
T1466,Store_3,Product_H,Clothing,77.71,26-40
T1217,Store_7,Product_H,Groceries,67.27,26-40
T507,Store_7,Product_H,Clothing,274.67,26-40
T1539,Store_7,Product_G,Clothing,100.68,60+
T181,Store_6,Product_G,Home,129.46,60+
T1475,Store_1,Product_B,Toys,266.94,60+
T67,Store_9,Product_A,Groceries,67.11,41-60
T1530,Store_6,Product_B,Home,265.96,18-25
T1636,Store_4,Product_B,Home,265.58,41-60
T1979,Store_9,Product_E,Clothing,185.09,26-40
T912,Store_3,Product_D,Electronics,31.1,60+
T952,Store_1,Product_F,Groceries,299.91,41-60
T175,Store_5,Product_B,Groceries,220.25,60+
T1686,Store_8,Product_A,Groceries,146.81,18-25
T1657,Store_10,Product_G,Electronics,20.24,26-40
T1330,Store_3,Product_C,Groceries,185.05,18-25
T832,Store_10,Product_A,Clothing,96.9,60+
T637,Store_5,Product_A,Groceries,263.29,18-25
T846,Store_6,Product_A,Electronics,191.93,18-25
T723,Store_2,Product_I,Electronics,42.48,60+
T338,Store_4,Product_I,Groceries,77.06,60+
T690,Store_10,Product_A,Electronics,284.87,41-60
T389,Store_5,Product_B,Electronics,54.15,26-40
T742,Store_10,Product_J,Clothing,184.44,41-60
T721,Store_1,Product_B,Toys,294.67,18-25
T807,Store_2,Product_D,Clothing,203.75,41-60
T711,Store_10,Product_J,Clothing,10.86,41-60
T795,Store_7,Product_A,Groceries,89.04,41-60
T113,Store_2,Product_J,Electronics,155.51,60+
T748,Store_6,Product_D,Home,143.98,41-60
T1482,Store_4,Product_C,Toys,159.6,18-25
T1089,Store_9,Product_C,Electronics,185.98,60+
T337,Store_8,Product_E,Groceries,58.94,60+
T721,Store_5,Product_A,Clothing,228.75,26-40
T514,Store_10,Product_I,Electronics,269.22,60+
T1774,Store_7,Product_J,Groceries,168.11,26-40
T296,Store_1,Product_E,Toys,104.26,26-40
T1801,Store_6,Product_B,Toys,292.95,41-60
T1626,Store_1,Product_D,Clothing,139.17,41-60
T1024,Store_9,Product_G,Toys,201.54,60+
T985,Store_3,Product_C,Clothing,122.4,60+
T1331,Store_2,Product_I,Clothing,168.81,26-40
T486,Store_9,Product_J,Toys,138.65,41-60
T1645,Store_2,Product_E,Home,55.58,18-25
T1447,Store_6,Product_A,Toys,284.64,60+
T1889,Store_9,Product_B,Groceries,175.66,18-25
T913,Store_3,Product_I,Groceries,112.43,60+
T1145,Store_5,Product_A,Groceries,216.15,26-40
T1215,Store_9,Product_G,Electronics,190.12,18-25
T1837,Store_5,Product_J,Toys,135.79,60+
T1629,Store_9,Product_F,Home,187.63,41-60
T682,Store_8,Product_H,Clothing,90.28,26-40
T860,Store_4,Product_B,Toys,33.88,26-40
T979,Store_10,Product_A,Clothing,283.65,41-60
T1778,Store_5,Product_H,Toys,124.54,26-40
T950,Store_1,Product_I,Clothing,156.45,41-60
T365,Store_1,Product_D,Groceries,57.24,18-25
T1087,Store_5,Product_J,Electronics,7.81,60+
T1980,Store_6,Product_H,Electronics,151.79,18-25
T210,Store_3,Product_C,Electronics,92.47,60+
T58,Store_2,Product_D,Toys,199.03,18-25
T1335,Store_2,Product_A,Electronics,108.93,60+
T314,Store_8,Product_E,Toys,136.12,18-25
T1140,Store_6,Product_I,Groceries,48.65,41-60
T1828,Store_2,Product_I,Clothing,176.44,18-25
T1697,Store_4,Product_D,Home,177.41,26-40
T1004,Store_5,Product_J,Groceries,271.19,60+
T985,Store_10,Product_A,Home,56.19,26-40
T416,Store_10,Product_E,Toys,220.08,41-60
T979,Store_9,Product_H,Toys,23.17,41-60
T674,Store_10,Product_J,Groceries,203.15,60+
T711,Store_10,Product_I,Home,212.58,60+
T32,Store_10,Product_E,Groceries,149.76,41-60
T1818,Store_3,Product_E,Toys,188.2,41-60
T1166,Store_9,Product_F,Toys,244.24,41-60
T1048,Store_6,Product_C,Groceries,234.34,60+
T964,Store_8,Product_B,Clothing,63.72,26-40
T1986,Store_7,Product_A,Electronics,152.88,26-40
T133,Store_2,Product_B,Home,39.07,26-40
T1851,Store_1,Product_B,Clothing,286.99,41-60
T848,Store_8,Product_A,Electronics,152.91,41-60
T1154,Store_1,Product_E,Electronics,264.37,41-60
T893,Store_7,Product_E,Clothing,151.41,18-25
T1099,Store_1,Product_E,Clothing,78.14,26-40
T1333,Store_6,Product_F,Toys,174.61,60+
T1573,Store_4,Product_G,Groceries,299.25,60+
T13,Store_3,Product_B,Groceries,190.13,18-25
T1686,Store_1,Product_B,Toys,25.7,41-60
T1858,Store_4,Product_A,Groceries,76.55,26-40
T1295,Store_8,Product_E,Electronics,172.89,60+
T192,Store_9,Product_J,Groceries,235.63,18-25
T1982,Store_4,Product_E,Clothing,206.31,41-60
T1260,Store_4,Product_C,Clothing,279.78,60+
T1708,Store_4,Product_E,Clothing,62.93,26-40
T1507,Store_2,Product_B,Home,188.09,18-25
T371,Store_1,Product_I,Home,268.73,60+
T1876,Store_8,Product_B,Toys,48.03,41-60
T1027,Store_10,Product_C,Clothing,153.01,41-60
T1201,Store_9,Product_F,Electronics,259.76,60+
T1892,Store_7,Product_D,Electronics,46.0,18-25
T666,Store_6,Product_A,Electronics,194.85,41-60
T1191,Store_4,Product_B,Toys,176.56,41-60
T1060,Store_2,Product_E,Toys,126.0,18-25
T1360,Store_1,Product_C,Electronics,291.9,41-60
T397,Store_7,Product_B,Home,139.31,26-40
T891,Store_7,Product_F,Clothing,242.58,60+
T159,Store_4,Product_H,Groceries,21.13,60+
T630,Store_5,Product_E,Home,18.2,18-25
T338,Store_5,Product_D,Electronics,26.46,41-60
T958,Store_1,Product_I,Clothing,187.86,26-40
T1558,Store_9,Product_D,Electronics,46.08,41-60
T1680,Store_6,Product_A,Electronics,294.71,26-40
T1227,Store_4,Product_G,Home,33.82,18-25
T471,Store_2,Product_H,Clothing,65.8,60+
T1352,Store_6,Product_A,Home,41.26,41-60
T314,Store_7,Product_B,Electronics,254.6,60+
T1574,Store_2,Product_A,Toys,231.9,60+
T624,Store_4,Product_G,Groceries,37.76,18-25
T1505,Store_10,Product_C,Home,20.89,18-25
T933,Store_10,Product_E,Home,238.58,60+
T793,Store_9,Product_E,Electronics,156.29,26-40
T1790,Store_9,Product_H,Toys,141.67,26-40
T238,Store_4,Product_E,Electronics,97.61,60+
T195,Store_9,Product_I,Toys,201.51,60+
T1750,Store_1,Product_A,Groceries,279.37,18-25
T1941,Store_5,Product_H,Groceries,264.07,26-40
T926,Store_3,Product_G,Home,178.38,26-40
T141,Store_4,Product_D,Electronics,110.85,18-25
T1090,Store_9,Product_D,Home,73.73,60+
T823,Store_5,Product_B,Home,54.57,18-25
T1698,Store_9,Product_F,Groceries,100.14,41-60
T360,Store_4,Product_E,Clothing,218.25,26-40
T785,Store_6,Product_F,Toys,27.28,41-60
T891,Store_1,Product_D,Groceries,155.97,60+
T1212,Store_3,Product_I,Clothing,173.24,18-25
T1285,Store_5,Product_G,Groceries,63.91,60+
T609,Store_8,Product_F,Toys,217.76,60+
T741,Store_6,Product_G,Electronics,22.75,26-40
T408,Store_9,Product_G,Home,127.26,60+
T844,Store_6,Product_H,Toys,126.07,18-25
T432,Store_7,Product_I,Groceries,248.08,41-60
T187,Store_6,Product_G,Clothing,157.4,26-40
T1021,Store_2,Product_C,Groceries,275.9,41-60
T813,Store_1,Product_F,Clothing,51.09,18-25
T1709,Store_5,Product_I,Electronics,211.76,18-25
T1380,Store_4,Product_D,Groceries,226.5,26-40
T262,Store_1,Product_G,Toys,199.4,26-40
T616,Store_9,Product_A,Clothing,171.84,26-40
T151,Store_8,Product_I,Toys,159.07,26-40
T67,Store_1,Product_H,Home,97.43,18-25
T1899,Store_1,Product_D,Groceries,234.62,41-60
T906,Store_5,Product_J,Clothing,17.47,26-40
T1673,Store_1,Product_G,Clothing,45.88,26-40
T751,Store_5,Product_J,Toys,93.03,41-60
T405,Store_6,Product_D,Clothing,203.24,26-40
T822,Store_5,Product_I,Clothing,41.16,41-60
T1695,Store_5,Product_D,Home,53.93,18-25
T1927,Store_5,Product_J,Home,106.31,60+
T1313,Store_5,Product_F,Electronics,122.43,60+
T1517,Store_8,Product_E,Electronics,105.58,18-25
T1199,Store_1,Product_F,Electronics,135.6,18-25
T1436,Store_4,Product_A,Home,14.8,41-60
T1431,Store_2,Product_A,Electronics,67.12,41-60
T118,Store_5,Product_G,Toys,5.16,41-60
T518,Store_8,Product_C,Home,136.3,26-40
T1149,Store_4,Product_J,Toys,21.16,60+
T163,Store_6,Product_H,Electronics,151.95,60+
T1982,Store_9,Product_H,Toys,246.42,41-60
T1788,Store_4,Product_D,Clothing,284.75,26-40
T1638,Store_6,Product_D,Toys,238.75,41-60
T788,Store_4,Product_C,Home,214.01,26-40
T321,Store_2,Product_J,Toys,23.15,60+
T495,Store_5,Product_H,Clothing,180.09,41-60
T1441,Store_10,Product_B,Clothing,167.64,18-25
T256,Store_7,Product_B,Clothing,217.36,18-25
T389,Store_9,Product_G,Groceries,194.91,26-40
T391,Store_8,Product_D,Clothing,120.23,26-40
T292,Store_6,Product_A,Home,271.28,41-60
T557,Store_7,Product_B,Groceries,205.43,41-60
T1545,Store_10,Product_D,Home,102.36,18-25
T1952,Store_2,Product_I,Clothing,263.78,60+
T1034,Store_9,Product_G,Clothing,36.13,18-25
T933,Store_1,Product_G,Toys,273.17,26-40
T165,Store_1,Product_C,Clothing,191.74,18-25
T1724,Store_9,Product_F,Toys,210.11,41-60
T168,Store_6,Product_A,Toys,192.75,26-40
T746,Store_10,Product_A,Toys,198.01,26-40
T1909,Store_4,Product_B,Toys,175.41,60+
T1845,Store_7,Product_F,Groceries,121.54,60+
T1279,Store_8,Product_J,Electronics,130.03,60+
T1281,Store_8,Product_B,Toys,96.85,60+
T1579,Store_2,Product_J,Groceries,117.24,60+
T1968,Store_2,Product_E,Toys,48.13,26-40
T799,Store_4,Product_C,Home,145.17,41-60
T1243,Store_7,Product_F,Home,275.74,26-40
T1208,Store_8,Product_G,Clothing,39.87,41-60
T1668,Store_5,Product_F,Toys,6.13,60+
T1789,Store_4,Product_F,Electronics,112.11,60+
T1034,Store_4,Product_B,Electronics,90.93,41-60
T1750,Store_7,Product_A,Electronics,247.15,26-40
T1154,Store_10,Product_F,Clothing,75.35,41-60
T700,Store_3,Product_G,Groceries,157.67,18-25
T1342,Store_3,Product_A,Toys,200.24,26-40
T754,Store_5,Product_H,Home,29.43,18-25
T1382,Store_4,Product_C,Clothing,298.35,26-40
T883,Store_4,Product_D,Groceries,43.96,18-25
T1352,Store_4,Product_I,Groceries,296.08,41-60
T107,Store_4,Product_F,Groceries,159.42,41-60
T29,Store_8,Product_D,Groceries,103.07,26-40
T1861,Store_2,Product_F,Toys,162.37,26-40
T49,Store_6,Product_C,Clothing,126.76,60+
T1992,Store_1,Product_A,Toys,102.65,60+
T1286,Store_8,Product_C,Groceries,17.53,18-25
T743,Store_7,Product_G,Electronics,256.88,18-25
T1357,Store_8,Product_I,Groceries,94.78,41-60
T1703,Store_2,Product_J,Clothing,165.65,18-25
T58,Store_9,Product_H,Toys,230.26,26-40
T1682,Store_2,Product_E,Clothing,108.77,60+
T1807,Store_7,Product_B,Clothing,228.0,60+
T629,Store_1,Product_A,Toys,296.38,26-40
T1593,Store_4,Product_D,Groceries,288.95,60+
T471,Store_1,Product_E,Electronics,134.17,26-40
T458,Store_5,Product_A,Electronics,97.71,60+
T806,Store_9,Product_D,Toys,123.73,41-60
T47,Store_10,Product_C,Groceries,105.87,18-25
T956,Store_7,Product_E,Toys,226.37,41-60
T965,Store_6,Product_H,Home,284.57,60+
T1050,Store_10,Product_D,Toys,261.09,41-60
T195,Store_7,Product_I,Electronics,25.42,60+
T421,Store_9,Product_I,Toys,202.24,60+
T343,Store_5,Product_F,Groceries,127.76,41-60
T1489,Store_4,Product_J,Clothing,103.51,26-40
T350,Store_3,Product_C,Groceries,121.88,26-40
T71,Store_2,Product_H,Home,132.42,26-40
T493,Store_9,Product_F,Clothing,146.67,41-60
T202,Store_4,Product_J,Electronics,139.28,41-60
T1984,Store_1,Product_E,Electronics,165.18,26-40
T689,Store_4,Product_E,Electronics,66.01,60+
T1624,Store_5,Product_A,Electronics,39.79,18-25
T1287,Store_8,Product_A,Groceries,162.47,26-40
T1085,Store_3,Product_C,Clothing,215.31,41-60
T1274,Store_9,Product_E,Clothing,25.06,26-40
T1954,Store_3,Product_J,Home,36.98,60+
T570,Store_6,Product_C,Home,91.77,41-60
T590,Store_6,Product_E,Home,163.04,26-40
T402,Store_2,Product_A,Electronics,120.38,18-25
T632,Store_3,Product_H,Toys,143.04,26-40
T183,Store_5,Product_E,Home,176.17,60+
T1524,Store_2,Product_B,Toys,267.86,26-40
T270,Store_8,Product_I,Clothing,151.45,18-25
T1347,Store_2,Product_C,Toys,80.5,26-40
T272,Store_3,Product_F,Clothing,71.0,18-25
T1457,Store_8,Product_C,Groceries,211.76,18-25
T503,Store_4,Product_I,Clothing,251.68,18-25
T313,Store_10,Product_E,Toys,41.02,60+
T1833,Store_6,Product_E,Electronics,184.43,26-40
T1714,Store_1,Product_G,Toys,210.62,60+
T1619,Store_4,Product_F,Toys,213.96,60+
T1493,Store_3,Product_E,Home,86.84,18-25
T156,Store_1,Product_G,Home,5.53,18-25
T1829,Store_3,Product_G,Home,143.04,26-40
T1384,Store_7,Product_F,Clothing,109.68,26-40
T1933,Store_1,Product_H,Groceries,114.18,26-40
T593,Store_7,Product_A,Toys,207.96,26-40
T932,Store_5,Product_B,Clothing,229.79,60+
T1291,Store_2,Product_A,Home,210.95,26-40
T881,Store_10,Product_C,Home,32.02,60+
T1069,Store_2,Product_G,Home,24.51,18-25
T440,Store_4,Product_E,Home,160.72,41-60
T993,Store_2,Product_I,Clothing,230.71,41-60
T151,Store_9,Product_J,Electronics,49.86,18-25
T160,Store_1,Product_I,Clothing,267.89,60+
T517,Store_1,Product_H,Home,116.49,60+
T480,Store_3,Product_I,Toys,57.58,26-40
T871,Store_7,Product_D,Toys,16.62,18-25
T908,Store_6,Product_B,Toys,38.78,18-25
T1407,Store_9,Product_E,Groceries,282.62,18-25
T658,Store_9,Product_A,Clothing,43.66,26-40
T983,Store_4,Product_B,Home,121.03,18-25
T1031,Store_10,Product_G,Electronics,223.77,26-40
T1264,Store_5,Product_E,Toys,246.12,18-25
T1308,Store_2,Product_D,Clothing,35.52,18-25
T1177,Store_2,Product_B,Groceries,93.95,18-25
T844,Store_9,Product_F,Groceries,189.77,18-25
T622,Store_6,Product_A,Groceries,285.28,18-25
T850,Store_3,Product_I,Toys,229.1,60+
T1071,Store_4,Product_C,Electronics,54.14,60+
T1753,Store_1,Product_H,Toys,202.92,26-40
T1773,Store_4,Product_J,Home,89.03,18-25
T1763,Store_8,Product_H,Clothing,277.23,60+
T1119,Store_9,Product_I,Clothing,253.69,18-25
T1658,Store_2,Product_H,Home,253.32,26-40
T174,Store_10,Product_D,Groceries,291.05,26-40
T223,Store_9,Product_F,Home,44.61,41-60
T265,Store_4,Product_A,Electronics,275.83,60+
T1919,Store_5,Product_I,Groceries,92.43,26-40
T1027,Store_5,Product_C,Toys,19.41,60+
T766,Store_1,Product_G,Clothing,97.34,60+
T533,Store_10,Product_G,Clothing,112.03,18-25
T314,Store_9,Product_H,Home,199.75,60+
T1729,Store_5,Product_D,Electronics,157.32,41-60
T248,Store_2,Product_F,Home,91.98,60+
T224,Store_1,Product_F,Toys,59.01,18-25
T1509,Store_2,Product_A,Clothing,215.56,18-25
T62,Store_9,Product_F,Clothing,234.48,41-60
T38,Store_2,Product_C,Clothing,180.82,60+
T384,Store_3,Product_H,Groceries,101.5,41-60
T1419,Store_6,Product_G,Home,232.19,60+
T891,Store_2,Product_H,Home,148.09,41-60
T124,Store_9,Product_J,Electronics,12.09,18-25
T921,Store_5,Product_G,Home,216.36,18-25
T1128,Store_5,Product_E,Groceries,12.11,60+
T1694,Store_3,Product_B,Groceries,247.35,41-60
T147,Store_3,Product_H,Groceries,184.77,18-25
T636,Store_6,Product_I,Toys,251.74,26-40
T1991,Store_9,Product_A,Home,289.36,26-40
T1482,Store_1,Product_D,Groceries,188.04,60+
T422,Store_4,Product_I,Clothing,71.74,60+
T928,Store_1,Product_G,Clothing,219.6,60+
T593,Store_2,Product_I,Electronics,267.04,26-40
T510,Store_4,Product_F,Home,170.5,41-60
T1821,Store_10,Product_A,Toys,219.52,60+
T97,Store_7,Product_G,Groceries,279.55,26-40
T1900,Store_5,Product_B,Electronics,65.08,60+
T183,Store_3,Product_I,Clothing,213.23,60+
T1196,Store_6,Product_B,Electronics,191.3,26-40
T952,Store_7,Product_H,Toys,154.66,60+
T1660,Store_1,Product_C,Toys,165.33,26-40
T1926,Store_7,Product_G,Groceries,266.03,41-60
T1097,Store_6,Product_A,Clothing,129.33,18-25
T1599,Store_3,Product_G,Electronics,8.13,41-60
T1733,Store_2,Product_B,Toys,43.57,60+
T538,Store_1,Product_D,Groceries,278.92,41-60
T1630,Store_1,Product_C,Toys,237.49,60+
T1873,Store_2,Product_G,Home,284.83,18-25
T1601,Store_4,Product_C,Clothing,277.02,18-25
T1457,Store_9,Product_H,Clothing,204.69,60+
T1320,Store_7,Product_J,Electronics,166.38,41-60
T701,Store_6,Product_I,Toys,73.14,26-40
T946,Store_8,Product_G,Electronics,205.7,26-40
T350,Store_7,Product_C,Toys,51.35,60+
T309,Store_6,Product_H,Electronics,137.99,60+
T106,Store_7,Product_F,Home,60.92,41-60
T972,Store_4,Product_B,Home,262.58,26-40
T1614,Store_10,Product_D,Groceries,160.16,60+
T1296,Store_2,Product_D,Home,271.96,18-25
T817,Store_9,Product_F,Electronics,116.87,18-25
T982,Store_10,Product_F,Toys,134.49,18-25
T1319,Store_2,Product_B,Home,192.92,41-60
T843,Store_2,Product_H,Toys,123.61,26-40
T55,Store_10,Product_H,Clothing,123.5,18-25
T709,Store_9,Product_A,Groceries,238.74,41-60
T289,Store_5,Product_J,Electronics,250.27,60+
T713,Store_9,Product_J,Toys,141.54,26-40
T837,Store_9,Product_G,Toys,90.38,26-40
T507,Store_6,Product_E,Home,267.72,41-60
T1439,Store_10,Product_A,Home,255.44,26-40
T975,Store_7,Product_E,Clothing,150.07,26-40
T404,Store_3,Product_H,Toys,143.18,60+
T1148,Store_8,Product_A,Electronics,17.06,60+
T941,Store_2,Product_E,Toys,217.7,18-25
T46,Store_9,Product_J,Home,103.14,18-25
T872,Store_8,Product_H,Electronics,234.19,60+
T940,Store_10,Product_F,Groceries,184.39,41-60
T1939,Store_4,Product_A,Toys,228.19,18-25
T1264,Store_9,Product_D,Toys,272.35,41-60
T443,Store_1,Product_H,Groceries,72.7,41-60
T263,Store_7,Product_F,Electronics,135.0,41-60
T1490,Store_7,Product_D,Clothing,46.83,60+
T1224,Store_10,Product_G,Groceries,162.0,26-40
T1467,Store_9,Product_C,Groceries,194.06,26-40
T1500,Store_2,Product_H,Clothing,66.9,60+
T1712,Store_1,Product_J,Home,155.46,18-25
T1519,Store_3,Product_A,Groceries,216.6,41-60
T1520,Store_9,Product_A,Clothing,17.03,41-60
T1938,Store_1,Product_C,Toys,153.96,18-25
T221,Store_5,Product_C,Electronics,26.49,60+
T500,Store_2,Product_A,Clothing,161.16,26-40
T1860,Store_7,Product_C,Home,29.68,26-40
T551,Store_3,Product_C,Toys,93.04,60+
T848,Store_2,Product_D,Electronics,54.68,60+
T1641,Store_6,Product_B,Home,133.77,41-60
T1031,Store_2,Product_J,Home,260.86,26-40
T1883,Store_7,Product_B,Groceries,47.7,41-60
T1037,Store_6,Product_H,Toys,258.44,41-60
T1603,Store_7,Product_H,Groceries,242.66,41-60
T767,Store_6,Product_F,Electronics,95.32,18-25
T1429,Store_1,Product_J,Clothing,131.9,26-40
T748,Store_5,Product_A,Home,158.1,41-60
T943,Store_10,Product_I,Groceries,96.93,26-40
T1330,Store_6,Product_F,Groceries,267.05,26-40
T1948,Store_10,Product_D,Home,62.32,26-40
T1231,Store_4,Product_I,Clothing,12.59,60+
T743,Store_8,Product_G,Home,167.56,26-40
T903,Store_2,Product_B,Electronics,242.88,18-25
T553,Store_2,Product_F,Electronics,47.87,26-40
T32,Store_1,Product_C,Home,39.89,41-60
T1530,Store_4,Product_D,Electronics,32.4,60+
T1441,Store_1,Product_G,Electronics,14.7,18-25
T735,Store_10,Product_D,Groceries,169.39,26-40
T1062,Store_1,Product_F,Clothing,162.7,60+
T1252,Store_7,Product_I,Home,98.65,18-25
T1910,Store_2,Product_G,Clothing,177.08,41-60
T411,Store_8,Product_A,Toys,179.28,60+
T791,Store_8,Product_B,Electronics,44.13,41-60
T1097,Store_9,Product_I,Clothing,14.43,41-60
T1189,Store_1,Product_C,Electronics,283.4,41-60
T1364,Store_6,Product_D,Clothing,146.2,60+
T216,Store_5,Product_J,Toys,291.62,18-25
T838,Store_10,Product_C,Toys,18.16,60+
T1172,Store_1,Product_B,Groceries,189.07,60+
T406,Store_7,Product_F,Home,151.31,60+
T1036,Store_3,Product_C,Toys,243.39,60+
T1817,Store_9,Product_J,Groceries,98.55,60+
T1951,Store_6,Product_C,Home,7.32,41-60
T658,Store_3,Product_I,Groceries,116.79,60+
T1196,Store_7,Product_G,Groceries,235.78,60+
T1331,Store_9,Product_F,Electronics,127.09,60+
T457,Store_6,Product_I,Clothing,32.54,41-60
T1873,Store_4,Product_F,Clothing,17.73,26-40
T1261,Store_3,Product_J,Groceries,214.94,18-25
T1673,Store_2,Product_B,Toys,282.84,18-25
T1853,Store_6,Product_C,Groceries,120.54,60+
T1185,Store_3,Product_G,Electronics,205.79,41-60
T424,Store_2,Product_E,Electronics,244.02,41-60
T1572,Store_9,Product_J,Clothing,120.77,26-40
T753,Store_3,Product_F,Clothing,93.18,41-60
T1393,Store_4,Product_F,Home,250.4,41-60
T643,Store_4,Product_F,Toys,208.85,18-25
T1876,Store_9,Product_C,Toys,165.08,26-40
T180,Store_5,Product_C,Groceries,185.82,18-25
T1820,Store_3,Product_G,Electronics,174.4,18-25
T1264,Store_4,Product_G,Home,160.48,41-60
T135,Store_4,Product_H,Clothing,109.66,26-40
T753,Store_2,Product_C,Groceries,171.8,26-40
T1063,Store_8,Product_B,Toys,77.03,18-25
T1677,Store_5,Product_I,Electronics,197.87,41-60
T344,Store_6,Product_J,Groceries,6.86,60+
T1527,Store_3,Product_B,Groceries,264.05,26-40
T1530,Store_8,Product_G,Toys,57.67,41-60
T1921,Store_2,Product_A,Groceries,168.84,18-25
T1696,Store_9,Product_C,Toys,21.02,18-25
T273,Store_9,Product_D,Electronics,11.4,41-60
T267,Store_5,Product_C,Electronics,260.34,41-60
T1460,Store_5,Product_A,Home,178.92,26-40
T115,Store_5,Product_I,Home,109.53,60+
T662,Store_9,Product_J,Home,137.8,18-25
T1035,Store_2,Product_A,Groceries,144.4,41-60
T1256,Store_3,Product_B,Home,74.94,26-40
T1678,Store_2,Product_B,Groceries,184.51,18-25
T1919,Store_8,Product_J,Toys,18.67,26-40
T476,Store_9,Product_I,Electronics,280.99,60+
T936,Store_8,Product_C,Electronics,48.19,41-60
T1903,Store_9,Product_H,Clothing,219.63,18-25
T310,Store_10,Product_E,Toys,54.15,60+
T506,Store_8,Product_F,Groceries,73.47,26-40
T1854,Store_5,Product_C,Toys,195.35,41-60
T422,Store_1,Product_D,Electronics,105.44,41-60
T260,Store_10,Product_D,Home,28.03,41-60
T24,Store_4,Product_D,Groceries,232.45,60+
T1571,Store_1,Product_D,Electronics,250.36,18-25
T1364,Store_1,Product_F,Home,225.22,18-25
T251,Store_10,Product_B,Home,171.8,41-60
T1919,Store_8,Product_B,Groceries,211.11,18-25
T1454,Store_5,Product_D,Electronics,192.63,18-25
T77,Store_2,Product_C,Electronics,99.85,41-60
T183,Store_3,Product_H,Groceries,116.0,41-60
T935,Store_4,Product_J,Groceries,283.96,60+
T1016,Store_1,Product_D,Clothing,86.53,60+
T1742,Store_7,Product_G,Electronics,58.05,41-60
T4,Store_10,Product_D,Toys,287.83,41-60
T1629,Store_5,Product_F,Groceries,61.91,41-60
T32,Store_8,Product_A,Toys,88.98,18-25
T32,Store_10,Product_E,Groceries,34.82,26-40
T1253,Store_2,Product_J,Toys,67.59,26-40
T543,Store_4,Product_A,Toys,45.76,60+
T38,Store_6,Product_E,Clothing,216.94,41-60
T786,Store_6,Product_H,Groceries,121.78,41-60
T906,Store_10,Product_C,Toys,85.74,18-25
T454,Store_9,Product_J,Groceries,296.8,26-40
T475,Store_8,Product_D,Clothing,188.94,41-60
T887,Store_1,Product_J,Toys,147.87,41-60
T757,Store_8,Product_D,Groceries,193.18,60+
T13,Store_5,Product_C,Clothing,278.38,60+
T1614,Store_3,Product_A,Toys,281.71,60+
T1243,Store_5,Product_B,Toys,52.43,26-40
T233,Store_4,Product_G,Clothing,37.44,41-60
T994,Store_10,Product_C,Clothing,175.18,26-40
T1318,Store_6,Product_A,Groceries,120.05,41-60
T652,Store_8,Product_G,Electronics,96.69,60+
T1346,Store_4,Product_A,Electronics,51.74,18-25
T888,Store_4,Product_E,Clothing,276.43,18-25
T1337,Store_1,Product_B,Clothing,251.99,18-25
T1875,Store_7,Product_C,Toys,77.89,18-25
T598,Store_7,Product_A,Electronics,195.36,60+
T1137,Store_9,Product_G,Home,285.09,26-40
T1422,Store_8,Product_G,Groceries,133.73,60+
T410,Store_8,Product_D,Electronics,216.4,60+
T1490,Store_9,Product_D,Toys,54.92,18-25
T240,Store_7,Product_H,Toys,274.14,60+
T1289,Store_5,Product_F,Clothing,299.08,18-25
T1262,Store_3,Product_H,Toys,107.15,41-60
T967,Store_5,Product_I,Home,33.11,60+
T1758,Store_2,Product_J,Clothing,211.81,60+
T1588,Store_9,Product_D,Groceries,176.37,18-25
T386,Store_9,Product_H,Home,83.89,18-25
T379,Store_8,Product_I,Clothing,72.61,18-25
T1719,Store_4,Product_H,Groceries,118.35,26-40
T469,Store_9,Product_H,Toys,48.52,26-40
T803,Store_6,Product_A,Home,143.26,18-25
T1171,Store_5,Product_G,Home,9.94,60+
T660,Store_6,Product_H,Home,171.33,41-60
T1925,Store_2,Product_J,Home,125.97,18-25
T1951,Store_2,Product_J,Clothing,100.45,60+
T1725,Store_1,Product_C,Toys,229.68,41-60
T156,Store_2,Product_E,Toys,271.32,26-40
T231,Store_4,Product_I,Toys,256.5,60+
T73,Store_10,Product_H,Home,31.8,26-40
T1486,Store_3,Product_B,Toys,64.17,60+
T252,Store_10,Product_A,Toys,29.01,18-25
T1949,Store_2,Product_I,Electronics,223.98,60+
T1426,Store_4,Product_F,Electronics,56.27,60+
T1798,Store_8,Product_G,Clothing,46.16,18-25
T978,Store_6,Product_I,Home,218.33,26-40
T941,Store_5,Product_H,Electronics,26.31,60+
T1600,Store_3,Product_B,Electronics,51.71,26-40
T1355,Store_1,Product_I,Home,5.31,18-25
T91,Store_9,Product_B,Clothing,297.41,18-25
T671,Store_7,Product_J,Clothing,34.5,18-25
T820,Store_1,Product_B,Groceries,279.78,26-40
T932,Store_7,Product_F,Clothing,287.29,18-25
T848,Store_1,Product_H,Electronics,237.57,60+
T1193,Store_10,Product_D,Electronics,237.28,18-25
T1887,Store_8,Product_C,Toys,12.6,18-25
T1734,Store_5,Product_J,Clothing,258.14,41-60
T1317,Store_8,Product_C,Clothing,250.01,41-60
T1963,Store_3,Product_G,Home,231.76,26-40
T1226,Store_4,Product_B,Clothing,36.41,26-40
T1744,Store_1,Product_J,Clothing,134.47,41-60
T326,Store_6,Product_A,Toys,56.87,41-60
T811,Store_9,Product_E,Electronics,279.07,60+
T12,Store_3,Product_F,Groceries,89.03,18-25
T534,Store_10,Product_C,Toys,293.41,60+
T878,Store_1,Product_F,Electronics,253.99,18-25
T417,Store_8,Product_D,Groceries,72.41,26-40
T75,Store_9,Product_A,Toys,5.81,60+
T192,Store_7,Product_B,Home,62.6,26-40
T1642,Store_3,Product_H,Electronics,74.61,60+
T1569,Store_2,Product_A,Groceries,285.17,60+
T466,Store_1,Product_E,Groceries,35.18,60+
T1319,Store_4,Product_J,Electronics,119.06,60+
T28,Store_4,Product_A,Home,121.92,60+
T520,Store_3,Product_H,Toys,202.25,18-25
T525,Store_9,Product_G,Groceries,222.64,26-40
T144,Store_1,Product_G,Home,230.73,26-40
T194,Store_4,Product_A,Electronics,223.55,18-25
T1380,Store_10,Product_C,Groceries,87.62,18-25
T528,Store_10,Product_J,Clothing,216.7,41-60
T938,Store_3,Product_F,Toys,57.6,26-40
T1807,Store_1,Product_H,Toys,180.5,41-60
T1996,Store_8,Product_A,Clothing,45.09,18-25
T221,Store_1,Product_C,Clothing,204.46,18-25
T1624,Store_8,Product_A,Clothing,175.01,60+
T1089,Store_4,Product_B,Clothing,54.08,41-60
T50,Store_5,Product_D,Home,142.78,60+
T1978,Store_5,Product_J,Home,51.1,26-40
T1838,Store_9,Product_H,Electronics,65.82,41-60
T1556,Store_3,Product_G,Home,178.11,18-25
T595,Store_3,Product_H,Electronics,144.47,18-25
T1709,Store_2,Product_A,Groceries,265.88,26-40
T554,Store_10,Product_B,Groceries,71.88,18-25
T42,Store_3,Product_H,Clothing,194.79,41-60
T1953,Store_9,Product_J,Electronics,262.32,41-60
T50,Store_10,Product_I,Clothing,177.78,60+
T504,Store_9,Product_F,Electronics,155.77,60+
T1750,Store_5,Product_B,Toys,254.32,41-60
T1458,Store_10,Product_C,Clothing,194.0,41-60
T222,Store_8,Product_J,Electronics,294.66,26-40
T103,Store_1,Product_I,Toys,172.21,26-40
T1801,Store_10,Product_A,Toys,113.03,60+
T1111,Store_10,Product_D,Electronics,280.92,41-60
T370,Store_9,Product_J,Home,169.77,18-25
T1964,Store_10,Product_A,Clothing,272.96,41-60
T1064,Store_10,Product_G,Groceries,124.85,26-40
T1716,Store_7,Product_J,Clothing,211.46,60+
T1357,Store_9,Product_D,Clothing,34.06,60+
T949,Store_2,Product_B,Clothing,270.6,18-25
T145,Store_3,Product_G,Clothing,8.62,60+
T633,Store_5,Product_G,Toys,195.04,18-25
T719,Store_1,Product_J,Clothing,262.03,60+
T988,Store_9,Product_J,Clothing,23.49,41-60
T112,Store_5,Product_C,Clothing,40.08,41-60
T1650,Store_2,Product_E,Groceries,259.73,26-40
T1449,Store_10,Product_A,Toys,207.78,18-25
T970,Store_3,Product_F,Electronics,293.14,26-40
T257,Store_7,Product_H,Clothing,246.97,26-40
T1452,Store_8,Product_B,Groceries,86.49,18-25
T424,Store_10,Product_I,Home,111.56,26-40
T1921,Store_7,Product_G,Electronics,80.43,18-25
T432,Store_6,Product_C,Home,129.16,26-40
T6,Store_5,Product_C,Home,6.97,26-40
T1823,Store_2,Product_I,Electronics,70.67,60+
T325,Store_7,Product_J,Electronics,128.23,18-25
T1952,Store_5,Product_H,Groceries,127.11,60+
T1134,Store_2,Product_B,Groceries,46.59,41-60
T1672,Store_6,Product_A,Clothing,232.68,60+
T940,Store_8,Product_I,Clothing,89.1,60+
T1788,Store_9,Product_F,Clothing,180.29,60+
T1077,Store_4,Product_D,Toys,299.59,26-40
T1266,Store_3,Product_H,Clothing,230.21,26-40
T1036,Store_5,Product_H,Toys,264.17,26-40
T1515,Store_9,Product_B,Home,102.74,60+
T261,Store_1,Product_F,Toys,280.03,18-25
T1245,Store_2,Product_H,Clothing,260.74,41-60
T577,Store_3,Product_G,Clothing,296.21,26-40
T922,Store_3,Product_C,Clothing,176.67,18-25
T1315,Store_4,Product_F,Clothing,73.49,60+
T1154,Store_2,Product_J,Electronics,76.66,26-40
T1225,Store_9,Product_F,Home,101.4,41-60
T681,Store_9,Product_F,Groceries,29.13,18-25
T209,Store_6,Product_D,Home,266.4,18-25
T901,Store_5,Product_G,Electronics,195.9,26-40
T1591,Store_8,Product_G,Clothing,170.49,60+
T1818,Store_6,Product_D,Electronics,216.95,60+
T1336,Store_8,Product_C,Home,201.66,41-60
T282,Store_7,Product_B,Clothing,277.53,18-25
T293,Store_8,Product_E,Clothing,292.0,18-25
T16,Store_2,Product_B,Toys,75.02,18-25
T864,Store_1,Product_B,Clothing,11.87,26-40
T1196,Store_2,Product_D,Clothing,258.33,18-25
T600,Store_5,Product_D,Groceries,235.76,60+
T1787,Store_8,Product_E,Electronics,145.15,18-25
T1475,Store_2,Product_H,Groceries,28.61,18-25
T1987,Store_8,Product_C,Home,193.84,26-40
T725,Store_10,Product_I,Electronics,36.54,26-40
T1608,Store_5,Product_A,Electronics,48.16,41-60
T717,Store_10,Product_F,Groceries,18.34,60+
T1049,Store_5,Product_C,Electronics,237.58,60+
T486,Store_10,Product_E,Toys,173.15,60+
T966,Store_1,Product_I,Home,79.89,41-60
T1136,Store_7,Product_A,Groceries,112.76,26-40
T822,Store_7,Product_J,Toys,275.09,41-60
T418,Store_5,Product_G,Electronics,225.43,60+
T674,Store_10,Product_I,Groceries,98.35,41-60
T539,Store_7,Product_H,Groceries,270.57,18-25
T1511,Store_7,Product_B,Home,251.68,60+
T278,Store_9,Product_I,Electronics,146.07,26-40
T95,Store_8,Product_E,Home,295.53,18-25
T1003,Store_10,Product_D,Home,152.7,18-25
T1607,Store_8,Product_F,Home,148.98,41-60
T1395,Store_8,Product_H,Groceries,48.69,26-40
T1685,Store_10,Product_J,Toys,235.18,26-40
T916,Store_10,Product_F,Toys,19.63,41-60
T296,Store_6,Product_D,Electronics,152.4,41-60
T981,Store_7,Product_H,Home,86.66,18-25
T273,Store_7,Product_F,Home,258.41,26-40
T1187,Store_8,Product_J,Home,22.73,60+
T920,Store_10,Product_B,Toys,256.6,41-60
T902,Store_2,Product_C,Home,67.71,26-40
T37,Store_9,Product_C,Toys,78.8,18-25
T1244,Store_5,Product_B,Toys,233.81,60+
T1589,Store_6,Product_E,Toys,164.41,18-25
T741,Store_1,Product_I,Clothing,298.35,41-60
T173,Store_4,Product_A,Clothing,18.66,26-40
T723,Store_1,Product_H,Home,92.2,41-60
T522,Store_10,Product_F,Home,186.67,60+
T1049,Store_7,Product_F,Home,26.42,41-60
T1799,Store_8,Product_I,Clothing,281.1,41-60
T1892,Store_9,Product_D,Clothing,210.23,41-60
T652,Store_6,Product_A,Electronics,106.8,41-60
T1654,Store_2,Product_B,Toys,130.8,60+
T314,Store_3,Product_A,Electronics,141.63,41-60
T1488,Store_5,Product_I,Electronics,155.02,26-40
T1054,Store_9,Product_H,Home,169.09,41-60
T764,Store_7,Product_B,Clothing,178.31,18-25
T57,Store_6,Product_I,Groceries,189.67,18-25
T1740,Store_6,Product_H,Electronics,255.88,26-40
T727,Store_4,Product_H,Electronics,267.23,41-60
T658,Store_3,Product_B,Groceries,284.92,18-25
T1572,Store_6,Product_C,Home,187.72,60+
T98,Store_4,Product_H,Groceries,48.92,18-25
T1102,Store_7,Product_E,Groceries,289.21,26-40
T1083,Store_1,Product_G,Clothing,107.28,26-40
T158,Store_8,Product_B,Clothing,16.54,60+
T551,Store_7,Product_B,Home,138.25,26-40
T400,Store_7,Product_J,Groceries,208.97,18-25
T1336,Store_1,Product_B,Toys,248.72,26-40
T415,Store_3,Product_J,Electronics,140.55,60+
T673,Store_10,Product_B,Electronics,172.44,26-40
T1732,Store_6,Product_A,Clothing,209.02,41-60
T66,Store_4,Product_A,Home,93.59,60+
T1110,Store_3,Product_B,Groceries,199.14,60+
T136,Store_7,Product_C,Clothing,127.45,26-40
T917,Store_4,Product_I,Groceries,271.77,18-25
T1005,Store_1,Product_G,Electronics,172.53,26-40
T799,Store_10,Product_B,Toys,167.96,26-40
T1593,Store_9,Product_B,Groceries,196.39,41-60
T1254,Store_4,Product_F,Electronics,171.99,18-25
T1363,Store_6,Product_C,Electronics,260.78,18-25
T234,Store_3,Product_A,Clothing,98.41,18-25
T185,Store_3,Product_J,Clothing,297.7,60+
T1144,Store_2,Product_I,Electronics,229.41,41-60
T408,Store_7,Product_B,Toys,114.86,18-25
T1381,Store_8,Product_J,Groceries,166.88,18-25
T140,Store_4,Product_H,Groceries,67.99,60+
T1743,Store_2,Product_B,Home,223.94,26-40
T1538,Store_6,Product_C,Clothing,243.29,60+
T1472,Store_10,Product_I,Home,36.67,26-40
T147,Store_8,Product_B,Home,212.68,60+
T1425,Store_8,Product_C,Toys,109.88,60+
T1094,Store_5,Product_C,Groceries,87.57,26-40
T267,Store_10,Product_G,Electronics,88.14,41-60
T537,Store_6,Product_H,Electronics,207.44,18-25
T402,Store_7,Product_C,Clothing,276.54,41-60
T1722,Store_5,Product_I,Electronics,265.08,18-25
T1581,Store_10,Product_B,Home,273.87,26-40
T121,Store_1,Product_C,Toys,245.96,41-60
T1296,Store_6,Product_B,Home,53.41,60+
T1113,Store_6,Product_H,Clothing,8.33,41-60
T1317,Store_5,Product_D,Electronics,21.08,41-60
T1395,Store_8,Product_D,Home,285.84,60+
T1880,Store_1,Product_E,Electronics,282.8,18-25
T1689,Store_2,Product_J,Home,292.08,60+
T1606,Store_3,Product_F,Groceries,158.5,18-25
T256,Store_10,Product_E,Groceries,204.1,60+
T149,Store_2,Product_D,Toys,271.99,18-25
T1941,Store_10,Product_A,Electronics,39.82,41-60
T1269,Store_4,Product_G,Groceries,75.06,60+
T1373,Store_4,Product_J,Home,112.66,60+
T1496,Store_2,Product_F,Clothing,224.73,26-40
T259,Store_3,Product_I,Electronics,135.5,26-40
T822,Store_6,Product_D,Toys,273.41,18-25
T961,Store_3,Product_I,Groceries,227.53,60+
T1512,Store_2,Product_J,Electronics,134.26,60+
T1600,Store_8,Product_G,Home,88.22,26-40
T770,Store_7,Product_H,Clothing,199.71,26-40
T1212,Store_9,Product_A,Clothing,214.16,26-40
T220,Store_9,Product_A,Clothing,80.79,18-25
T101,Store_7,Product_H,Groceries,215.87,60+
T1959,Store_8,Product_I,Groceries,296.83,26-40
T749,Store_8,Product_E,Home,274.96,18-25
T1550,Store_4,Product_B,Toys,116.89,60+
T1307,Store_4,Product_F,Clothing,175.35,26-40
T539,Store_7,Product_C,Electronics,66.57,60+
T437,Store_4,Product_D,Groceries,244.78,41-60
T161,Store_6,Product_G,Electronics,160.12,41-60
T1489,Store_1,Product_F,Electronics,180.82,18-25
T831,Store_6,Product_F,Toys,140.02,26-40
T1075,Store_9,Product_G,Clothing,18.73,60+
T1924,Store_7,Product_B,Toys,134.47,18-25
T772,Store_1,Product_C,Groceries,266.59,18-25
T1230,Store_4,Product_D,Electronics,178.05,18-25
T186,Store_9,Product_A,Toys,167.85,60+
T1545,Store_3,Product_E,Clothing,218.88,18-25
T171,Store_5,Product_B,Groceries,219.98,18-25
T1534,Store_10,Product_E,Electronics,287.93,18-25
T1744,Store_4,Product_H,Toys,79.21,41-60
T1663,Store_1,Product_D,Clothing,117.63,18-25
T123,Store_8,Product_E,Groceries,137.18,60+
T1550,Store_4,Product_C,Groceries,61.6,41-60
T13,Store_7,Product_J,Home,286.15,60+
T1303,Store_4,Product_D,Clothing,61.33,26-40
T564,Store_4,Product_C,Clothing,70.24,18-25
T1206,Store_8,Product_E,Groceries,55.11,41-60
T188,Store_2,Product_J,Home,232.29,60+
T206,Store_2,Product_C,Toys,202.75,26-40
T261,Store_10,Product_J,Electronics,219.02,60+
T582,Store_9,Product_F,Groceries,127.16,41-60
T1459,Store_9,Product_A,Groceries,290.01,26-40
T696,Store_6,Product_F,Home,184.86,60+
T139,Store_7,Product_F,Toys,203.05,18-25
T241,Store_5,Product_E,Clothing,38.08,18-25
T1392,Store_4,Product_A,Electronics,190.61,26-40
T1310,Store_7,Product_E,Toys,269.89,41-60
T1104,Store_4,Product_J,Clothing,23.31,41-60
T989,Store_6,Product_J,Groceries,146.23,26-40
T1241,Store_4,Product_B,Electronics,181.26,60+
T1240,Store_4,Product_A,Toys,70.62,18-25
T1098,Store_4,Product_H,Clothing,75.59,41-60
T1273,Store_3,Product_I,Groceries,91.22,18-25
T1815,Store_1,Product_F,Clothing,220.03,18-25
T525,Store_10,Product_J,Toys,148.82,41-60
T1168,Store_3,Product_D,Groceries,20.88,18-25
T1570,Store_6,Product_E,Toys,278.83,41-60
T1002,Store_4,Product_I,Toys,166.83,26-40
T417,Store_10,Product_F,Groceries,190.28,60+
T1303,Store_2,Product_D,Groceries,105.97,60+
T617,Store_2,Product_B,Home,121.91,18-25
T658,Store_8,Product_I,Electronics,186.63,41-60
T961,Store_2,Product_D,Groceries,33.23,18-25
T1108,Store_5,Product_I,Groceries,68.85,41-60
T1809,Store_7,Product_G,Home,120.3,26-40
T1012,Store_8,Product_C,Clothing,100.88,26-40
T1286,Store_6,Product_A,Electronics,85.04,26-40
T560,Store_2,Product_A,Groceries,85.75,18-25
T587,Store_5,Product_I,Clothing,170.42,26-40
T469,Store_9,Product_F,Toys,54.12,18-25
T1497,Store_6,Product_B,Electronics,43.79,41-60
T383,Store_2,Product_E,Toys,48.22,60+
T451,Store_2,Product_B,Groceries,167.29,26-40
T1656,Store_10,Product_E,Clothing,64.49,41-60
T1005,Store_5,Product_F,Electronics,110.83,18-25
T1277,Store_8,Product_I,Clothing,36.1,60+
T1039,Store_9,Product_E,Home,124.52,18-25
T1044,Store_3,Product_I,Home,15.22,18-25
T469,Store_1,Product_A,Electronics,88.67,26-40
T1391,Store_3,Product_F,Electronics,68.52,26-40
T1171,Store_6,Product_C,Toys,125.87,60+
T574,Store_2,Product_D,Clothing,130.47,26-40
T1686,Store_7,Product_J,Groceries,214.02,60+
T141,Store_9,Product_E,Toys,114.92,41-60
T920,Store_9,Product_A,Home,292.81,26-40
T22,Store_4,Product_I,Clothing,96.1,26-40
T265,Store_4,Product_J,Groceries,169.51,18-25
T932,Store_5,Product_B,Home,17.12,60+
T877,Store_5,Product_A,Home,289.86,60+
T1339,Store_4,Product_A,Groceries,273.76,41-60
T610,Store_7,Product_H,Home,101.22,60+
T16,Store_3,Product_A,Home,113.85,60+
T1380,Store_4,Product_G,Toys,89.43,60+
T885,Store_2,Product_I,Home,192.3,41-60
T1653,Store_5,Product_H,Toys,184.84,60+
T214,Store_10,Product_G,Electronics,285.26,41-60
T305,Store_3,Product_C,Groceries,46.65,26-40
T993,Store_1,Product_I,Clothing,177.71,26-40
T635,Store_4,Product_B,Electronics,189.67,41-60
T706,Store_9,Product_B,Home,23.14,18-25
T1936,Store_7,Product_D,Clothing,39.56,60+
T153,Store_10,Product_D,Clothing,33.55,41-60
T542,Store_6,Product_I,Groceries,189.96,41-60
T1523,Store_6,Product_A,Electronics,43.06,60+
T1053,Store_4,Product_J,Toys,137.81,60+
T1349,Store_7,Product_G,Groceries,194.53,60+
T1152,Store_3,Product_E,Clothing,46.04,60+
T704,Store_8,Product_D,Home,51.92,26-40
T795,Store_4,Product_I,Clothing,58.9,18-25
T44,Store_6,Product_G,Home,136.72,41-60
T1407,Store_9,Product_C,Groceries,238.45,26-40
T1985,Store_9,Product_A,Toys,124.8,18-25
T1911,Store_9,Product_J,Electronics,52.26,18-25
T1093,Store_9,Product_B,Home,292.81,60+
T1761,Store_7,Product_F,Clothing,187.46,18-25
T808,Store_4,Product_I,Groceries,281.61,26-40
T1997,Store_2,Product_D,Electronics,5.51,18-25
T898,Store_10,Product_E,Toys,27.42,41-60
T317,Store_10,Product_G,Home,82.95,41-60
T1618,Store_7,Product_A,Groceries,102.09,26-40
T556,Store_10,Product_D,Groceries,249.43,26-40
T1520,Store_7,Product_A,Toys,223.92,41-60
T837,Store_8,Product_H,Clothing,162.03,18-25
T1939,Store_1,Product_G,Clothing,290.11,18-25
T977,Store_5,Product_E,Clothing,19.03,60+
T1352,Store_3,Product_I,Clothing,157.76,41-60
T1580,Store_7,Product_A,Home,206.51,26-40
T1895,Store_2,Product_A,Toys,287.26,26-40
T1986,Store_7,Product_I,Electronics,235.71,60+
T402,Store_4,Product_F,Electronics,151.64,18-25
T1025,Store_9,Product_A,Clothing,203.27,41-60
T1280,Store_10,Product_F,Toys,116.9,26-40
T1446,Store_8,Product_E,Electronics,192.04,41-60
T1486,Store_4,Product_I,Electronics,225.9,60+
T793,Store_9,Product_C,Electronics,92.55,18-25
T848,Store_2,Product_C,Home,281.18,60+
T7,Store_9,Product_I,Toys,218.95,60+
T1015,Store_4,Product_A,Electronics,234.09,26-40
T1940,Store_8,Product_A,Clothing,172.12,26-40
T78,Store_6,Product_F,Groceries,282.37,18-25
T627,Store_1,Product_F,Electronics,113.04,60+
T1019,Store_2,Product_I,Clothing,253.66,26-40
T195,Store_1,Product_J,Electronics,285.2,41-60
T1554,Store_7,Product_C,Groceries,188.62,41-60
T407,Store_7,Product_C,Toys,117.82,18-25
T1498,Store_10,Product_D,Toys,59.38,60+
T74,Store_1,Product_I,Groceries,183.62,60+
T1918,Store_4,Product_J,Groceries,94.49,18-25
T422,Store_3,Product_H,Home,163.91,41-60
T1662,Store_10,Product_C,Toys,186.06,60+
T660,Store_8,Product_A,Toys,149.3,18-25
T738,Store_8,Product_D,Home,84.01,18-25
T1049,Store_5,Product_B,Groceries,289.89,60+
T1651,Store_2,Product_I,Home,94.69,60+
T1129,Store_8,Product_F,Groceries,273.41,18-25
T563,Store_6,Product_I,Clothing,278.89,26-40
T1991,Store_10,Product_J,Electronics,87.46,26-40
T1468,Store_7,Product_A,Home,271.64,60+
T1070,Store_3,Product_H,Clothing,28.54,60+
T1389,Store_6,Product_D,Electronics,157.96,60+
T392,Store_7,Product_I,Toys,95.05,26-40
T408,Store_2,Product_D,Electronics,282.09,60+
T1442,Store_10,Product_J,Toys,254.7,26-40
T999,Store_5,Product_G,Groceries,65.82,60+
T959,Store_2,Product_B,Electronics,254.07,41-60
T104,Store_5,Product_H,Electronics,226.36,41-60
T659,Store_10,Product_E,Groceries,228.91,60+
T411,Store_1,Product_E,Electronics,40.44,18-25
T550,Store_9,Product_H,Toys,27.77,26-40
T1059,Store_1,Product_H,Toys,106.6,41-60
T1772,Store_6,Product_E,Home,182.76,18-25
T735,Store_7,Product_A,Electronics,223.58,60+
T739,Store_7,Product_B,Electronics,45.39,41-60
T1874,Store_7,Product_A,Groceries,127.13,60+
T608,Store_9,Product_E,Home,179.67,41-60
T96,Store_5,Product_F,Home,140.36,26-40
T391,Store_9,Product_A,Toys,193.7,18-25
T1870,Store_2,Product_G,Toys,175.21,18-25
T1742,Store_1,Product_F,Clothing,200.69,18-25
T1778,Store_5,Product_A,Clothing,149.49,26-40
T1569,Store_7,Product_B,Groceries,112.25,18-25
T1087,Store_9,Product_E,Home,51.65,26-40
T119,Store_4,Product_G,Clothing,105.17,26-40
T1774,Store_8,Product_I,Clothing,197.02,60+
T1284,Store_8,Product_D,Toys,29.94,26-40
T161,Store_6,Product_B,Home,158.06,60+
T1620,Store_6,Product_E,Clothing,258.55,18-25
T1763,Store_9,Product_I,Groceries,127.96,18-25
T835,Store_5,Product_B,Toys,150.52,18-25
T1427,Store_9,Product_A,Electronics,86.92,41-60
T465,Store_7,Product_C,Toys,222.08,60+
T733,Store_2,Product_D,Home,36.52,26-40
T1767,Store_3,Product_A,Electronics,104.18,60+
T1487,Store_7,Product_I,Electronics,12.98,26-40
T1580,Store_3,Product_J,Electronics,264.3,41-60
T1465,Store_10,Product_E,Electronics,136.58,26-40
T223,Store_9,Product_H,Clothing,220.92,18-25
T1994,Store_5,Product_E,Groceries,5.17,41-60
T1515,Store_6,Product_G,Electronics,255.12,60+
T907,Store_10,Product_A,Clothing,121.2,41-60
T1154,Store_9,Product_H,Home,5.8,26-40
T835,Store_4,Product_J,Groceries,134.29,41-60
T1765,Store_5,Product_B,Groceries,43.2,60+
T299,Store_8,Product_E,Clothing,35.1,18-25
T1710,Store_5,Product_E,Electronics,205.43,60+
T1752,Store_4,Product_G,Groceries,158.32,41-60
T340,Store_7,Product_H,Electronics,142.3,41-60
T1378,Store_1,Product_E,Groceries,299.07,41-60
T1215,Store_10,Product_F,Clothing,44.84,60+
T150,Store_5,Product_B,Groceries,133.69,18-25
T1524,Store_10,Product_I,Electronics,86.39,18-25
T1555,Store_4,Product_C,Toys,191.83,26-40
T554,Store_6,Product_F,Clothing,259.13,18-25
T993,Store_7,Product_H,Home,56.78,26-40
T701,Store_7,Product_G,Electronics,178.49,18-25
T463,Store_9,Product_E,Groceries,7.58,18-25
T1356,Store_8,Product_G,Groceries,206.81,41-60
T145,Store_7,Product_B,Electronics,41.27,60+
T1082,Store_7,Product_G,Toys,57.06,18-25
T1646,Store_1,Product_E,Clothing,216.42,26-40
T1126,Store_7,Product_J,Electronics,27.21,41-60
T1244,Store_9,Product_B,Electronics,149.7,60+
T257,Store_2,Product_C,Electronics,219.34,18-25
T279,Store_4,Product_C,Home,165.19,60+
T1581,Store_8,Product_G,Clothing,94.86,26-40
T22,Store_10,Product_D,Groceries,234.52,18-25
T126,Store_5,Product_A,Clothing,105.56,26-40
T1807,Store_9,Product_F,Toys,77.26,18-25
T1349,Store_10,Product_B,Groceries,94.54,41-60
T1176,Store_5,Product_H,Groceries,283.0,26-40
T598,Store_2,Product_H,Home,35.79,41-60
T45,Store_2,Product_H,Groceries,140.85,18-25
T939,Store_3,Product_J,Home,36.63,18-25
T139,Store_8,Product_F,Home,84.67,41-60
T169,Store_9,Product_E,Toys,187.69,60+
T1604,Store_5,Product_H,Toys,131.82,60+
T1917,Store_8,Product_H,Groceries,41.99,41-60
T768,Store_9,Product_D,Clothing,289.71,18-25
T1528,Store_9,Product_C,Electronics,104.4,60+
T1015,Store_10,Product_G,Toys,74.21,60+
T1835,Store_8,Product_J,Toys,79.02,18-25
T1968,Store_3,Product_C,Clothing,296.49,26-40
T1199,Store_5,Product_F,Home,42.93,18-25
T38,Store_5,Product_F,Home,49.34,41-60
T319,Store_5,Product_G,Clothing,57.23,41-60
T293,Store_5,Product_B,Toys,242.36,60+
T671,Store_4,Product_I,Home,209.92,41-60
T760,Store_7,Product_G,Groceries,270.2,41-60
T1793,Store_7,Product_E,Groceries,126.3,60+
T1817,Store_9,Product_C,Home,88.04,41-60
T975,Store_10,Product_E,Groceries,270.62,41-60
T842,Store_10,Product_G,Toys,124.78,26-40
T864,Store_4,Product_E,Clothing,41.91,41-60
T315,Store_7,Product_I,Clothing,135.35,41-60
T777,Store_3,Product_I,Groceries,130.42,41-60
T42,Store_10,Product_D,Home,175.57,41-60
T1251,Store_4,Product_A,Home,264.97,18-25
T1217,Store_10,Product_A,Electronics,81.16,18-25
T570,Store_6,Product_D,Toys,126.59,60+
T1309,Store_1,Product_I,Electronics,132.81,18-25
T274,Store_1,Product_C,Electronics,10.17,18-25
T1762,Store_2,Product_A,Electronics,262.89,18-25
T1182,Store_8,Product_D,Toys,169.98,18-25
T1488,Store_3,Product_C,Toys,128.17,60+
T168,Store_7,Product_D,Electronics,278.23,60+
T1046,Store_2,Product_J,Toys,51.81,60+
T968,Store_5,Product_A,Toys,122.8,18-25
T772,Store_1,Product_D,Toys,213.06,26-40
T1045,Store_7,Product_B,Toys,298.99,60+
T1729,Store_1,Product_J,Clothing,11.76,60+
T1195,Store_2,Product_C,Toys,252.68,60+
T1581,Store_3,Product_I,Clothing,141.26,41-60
T987,Store_9,Product_G,Groceries,200.19,18-25
T92,Store_6,Product_B,Home,54.27,41-60
T1221,Store_4,Product_D,Toys,287.71,18-25
T1640,Store_9,Product_H,Electronics,296.32,18-25
T843,Store_2,Product_E,Home,53.29,60+
T1892,Store_7,Product_G,Electronics,162.35,26-40
T87,Store_9,Product_G,Groceries,97.71,26-40
T386,Store_1,Product_D,Clothing,21.89,60+
T1113,Store_4,Product_J,Groceries,131.41,60+
T485,Store_9,Product_D,Groceries,80.84,60+
T1497,Store_3,Product_G,Toys,198.59,26-40
T682,Store_6,Product_B,Electronics,119.91,26-40
T945,Store_8,Product_A,Home,190.21,18-25
T1029,Store_5,Product_G,Home,299.07,26-40
T1777,Store_4,Product_B,Electronics,276.74,18-25
T371,Store_10,Product_E,Electronics,191.85,18-25
T615,Store_2,Product_H,Groceries,254.18,18-25
T1785,Store_7,Product_G,Home,84.6,41-60
T1836,Store_2,Product_F,Home,100.54,18-25
T658,Store_7,Product_G,Electronics,285.4,26-40
T968,Store_2,Product_I,Home,14.51,26-40
T785,Store_5,Product_E,Groceries,155.48,18-25
T1548,Store_3,Product_F,Groceries,291.98,60+
T949,Store_1,Product_A,Toys,200.49,18-25
T335,Store_9,Product_J,Home,31.37,18-25
T1505,Store_6,Product_B,Home,285.61,60+
T1721,Store_1,Product_G,Groceries,142.72,41-60
T86,Store_4,Product_F,Groceries,118.26,26-40
T1855,Store_9,Product_C,Toys,70.11,26-40
T302,Store_3,Product_A,Toys,48.41,41-60
T374,Store_9,Product_G,Groceries,71.72,26-40
T1106,Store_9,Product_B,Groceries,40.53,41-60
T1626,Store_8,Product_C,Home,167.93,60+
T1196,Store_3,Product_J,Groceries,17.65,26-40
T152,Store_6,Product_I,Home,145.21,60+
T976,Store_1,Product_B,Electronics,77.1,60+
T735,Store_6,Product_F,Toys,168.23,41-60
T563,Store_10,Product_A,Groceries,138.42,60+
T1636,Store_7,Product_A,Electronics,153.44,18-25
T1393,Store_4,Product_A,Electronics,108.36,41-60
T1376,Store_10,Product_A,Electronics,173.38,60+
T892,Store_6,Product_I,Electronics,271.2,26-40
T903,Store_3,Product_E,Home,133.54,41-60
T801,Store_6,Product_A,Electronics,168.4,41-60
T1494,Store_1,Product_A,Clothing,91.18,26-40
T1334,Store_6,Product_B,Clothing,40.41,41-60
T1366,Store_2,Product_A,Groceries,84.01,41-60
T1209,Store_4,Product_G,Groceries,52.2,26-40
T13,Store_1,Product_C,Clothing,51.79,26-40
T1893,Store_3,Product_I,Clothing,190.98,18-25
T887,Store_5,Product_C,Groceries,140.37,60+
T872,Store_9,Product_D,Home,23.93,60+
T1680,Store_6,Product_D,Clothing,9.18,18-25
T706,Store_1,Product_E,Groceries,216.47,26-40
T518,Store_5,Product_I,Clothing,254.74,18-25
T182,Store_3,Product_G,Electronics,233.35,41-60
T560,Store_8,Product_F,Home,218.77,60+
T1248,Store_5,Product_I,Toys,224.64,26-40
T1398,Store_10,Product_A,Home,185.76,41-60
T862,Store_10,Product_B,Toys,72.55,60+
T1242,Store_4,Product_B,Clothing,44.48,26-40
T214,Store_8,Product_H,Electronics,54.04,26-40
T1985,Store_6,Product_A,Electronics,42.39,41-60
T1343,Store_5,Product_C,Toys,145.28,18-25
T1292,Store_10,Product_H,Groceries,52.91,41-60
T1580,Store_10,Product_F,Home,238.73,26-40
T1797,Store_2,Product_E,Groceries,272.67,26-40
T867,Store_9,Product_F,Toys,75.94,60+
T637,Store_5,Product_A,Home,58.59,18-25
T973,Store_8,Product_H,Groceries,37.79,18-25
T1014,Store_2,Product_H,Clothing,46.31,26-40
T1080,Store_9,Product_H,Groceries,237.16,18-25
T765,Store_4,Product_D,Home,285.89,41-60
T1993,Store_3,Product_I,Home,24.49,18-25
T1253,Store_10,Product_H,Electronics,264.62,60+
T1169,Store_9,Product_J,Home,250.91,41-60
T443,Store_10,Product_F,Home,149.64,41-60
T260,Store_9,Product_E,Electronics,103.99,60+
T765,Store_2,Product_F,Groceries,232.7,60+
T1112,Store_5,Product_J,Home,17.46,60+
T108,Store_8,Product_B,Toys,12.37,26-40
T1222,Store_2,Product_E,Clothing,13.41,41-60
T1886,Store_10,Product_J,Toys,147.78,18-25
T966,Store_4,Product_F,Electronics,253.39,18-25
T1537,Store_3,Product_H,Groceries,239.53,26-40
T461,Store_6,Product_H,Clothing,7.06,41-60
T52,Store_10,Product_G,Toys,71.18,26-40
T1677,Store_4,Product_D,Toys,55.53,18-25
T1151,Store_7,Product_D,Home,153.3,41-60
T146,Store_4,Product_B,Toys,51.48,41-60
T422,Store_2,Product_E,Clothing,106.52,18-25
T1794,Store_10,Product_J,Clothing,201.03,26-40
T1892,Store_5,Product_A,Clothing,13.71,60+
T540,Store_2,Product_E,Toys,261.11,60+
T1975,Store_9,Product_C,Groceries,84.85,18-25
T930,Store_6,Product_E,Groceries,85.67,41-60
T1873,Store_9,Product_J,Toys,45.22,18-25
T1745,Store_4,Product_F,Clothing,15.16,26-40
T490,Store_8,Product_H,Groceries,187.12,41-60
T373,Store_4,Product_F,Clothing,28.61,26-40
T1564,Store_1,Product_G,Groceries,61.99,41-60
T884,Store_7,Product_G,Clothing,76.14,60+
T1334,Store_10,Product_A,Clothing,234.71,18-25
T183,Store_5,Product_C,Groceries,108.11,60+
T769,Store_1,Product_I,Clothing,240.78,18-25
T747,Store_8,Product_H,Groceries,195.68,26-40
T95,Store_10,Product_H,Groceries,41.26,60+
T31,Store_4,Product_I,Clothing,76.13,41-60
T1881,Store_10,Product_H,Groceries,116.78,60+
T1478,Store_9,Product_J,Groceries,62.82,60+
T1442,Store_10,Product_F,Toys,108.74,26-40
T1790,Store_3,Product_I,Home,239.61,18-25
T459,Store_4,Product_G,Clothing,51.16,41-60
T737,Store_9,Product_G,Electronics,17.76,41-60
T1688,Store_2,Product_C,Clothing,208.31,26-40
T1019,Store_1,Product_F,Home,292.45,18-25
T1099,Store_3,Product_H,Groceries,278.12,41-60
T1476,Store_10,Product_D,Groceries,26.15,60+
T1646,Store_1,Product_F,Groceries,180.94,18-25
T1098,Store_3,Product_E,Groceries,262.77,18-25
T1073,Store_10,Product_E,Groceries,47.97,60+
T1984,Store_2,Product_C,Electronics,109.47,26-40
T761,Store_9,Product_B,Clothing,128.0,41-60
T1437,Store_7,Product_H,Groceries,165.79,26-40
T124,Store_9,Product_E,Clothing,216.09,18-25
T381,Store_8,Product_D,Home,164.23,41-60
T1534,Store_9,Product_F,Home,213.52,60+
T1592,Store_4,Product_B,Electronics,106.89,60+
T1158,Store_3,Product_D,Toys,156.1,18-25
T1990,Store_5,Product_F,Home,199.04,26-40
T1576,Store_6,Product_I,Home,256.89,26-40
T1368,Store_3,Product_A,Toys,146.61,41-60
T618,Store_7,Product_J,Clothing,271.93,18-25
T1189,Store_3,Product_G,Home,173.07,60+
T1363,Store_4,Product_I,Clothing,238.94,60+
T475,Store_7,Product_G,Groceries,20.96,18-25
T547,Store_10,Product_G,Groceries,168.38,18-25
T552,Store_5,Product_H,Clothing,72.99,26-40
T862,Store_4,Product_E,Home,263.16,18-25
T190,Store_4,Product_I,Groceries,125.62,18-25
T137,Store_9,Product_C,Groceries,282.28,18-25
T1181,Store_7,Product_E,Toys,232.29,41-60
T1132,Store_10,Product_E,Groceries,79.03,18-25
T944,Store_7,Product_A,Electronics,64.86,26-40
T515,Store_6,Product_F,Groceries,83.38,60+
T48,Store_9,Product_C,Home,165.46,60+
T691,Store_10,Product_B,Toys,144.62,41-60
T357,Store_8,Product_F,Groceries,269.49,60+
T1326,Store_4,Product_D,Home,97.68,18-25
T535,Store_6,Product_G,Electronics,80.99,18-25
T361,Store_9,Product_D,Groceries,69.93,26-40
T1558,Store_4,Product_D,Home,144.23,18-25
T1074,Store_6,Product_D,Clothing,190.59,60+
T507,Store_6,Product_G,Home,282.64,26-40
T1252,Store_8,Product_C,Clothing,229.61,60+
T1305,Store_3,Product_C,Clothing,201.48,18-25
T1044,Store_6,Product_J,Toys,185.82,60+
T1267,Store_4,Product_G,Electronics,194.42,26-40
T1477,Store_3,Product_J,Home,255.29,60+
T1480,Store_9,Product_J,Toys,240.68,18-25
T1170,Store_7,Product_C,Home,23.27,18-25
T835,Store_8,Product_E,Electronics,97.83,26-40
T1065,Store_6,Product_G,Toys,62.16,18-25
T1143,Store_4,Product_E,Electronics,37.98,18-25
T1081,Store_9,Product_A,Groceries,282.92,18-25
T1240,Store_8,Product_J,Home,299.1,60+
T349,Store_4,Product_J,Toys,204.71,26-40
T420,Store_7,Product_I,Home,54.28,18-25
T1356,Store_1,Product_B,Electronics,188.54,60+
T1378,Store_6,Product_I,Toys,197.9,26-40
T1209,Store_8,Product_D,Home,258.59,26-40
T925,Store_8,Product_H,Electronics,145.23,60+
T793,Store_4,Product_B,Home,234.02,41-60
T166,Store_8,Product_H,Groceries,180.09,18-25
T1136,Store_9,Product_D,Toys,148.86,26-40
T699,Store_10,Product_B,Home,167.93,41-60
T1189,Store_3,Product_F,Toys,289.87,18-25
T913,Store_1,Product_E,Groceries,296.05,60+
T669,Store_7,Product_C,Clothing,249.54,26-40
T195,Store_4,Product_D,Electronics,193.94,26-40
T1216,Store_2,Product_G,Electronics,220.28,41-60
T1394,Store_6,Product_J,Electronics,281.16,41-60
T121,Store_10,Product_H,Clothing,292.83,18-25
T1950,Store_8,Product_A,Electronics,235.59,26-40
T1922,Store_3,Product_F,Electronics,284.36,41-60
T162,Store_7,Product_D,Electronics,51.24,60+
T773,Store_5,Product_D,Home,64.84,41-60
T1830,Store_10,Product_G,Home,117.87,41-60
T805,Store_8,Product_D,Clothing,217.34,18-25
T1806,Store_10,Product_J,Home,161.31,60+
T123,Store_5,Product_F,Clothing,66.13,60+
T1502,Store_2,Product_E,Groceries,284.23,26-40
T707,Store_8,Product_D,Clothing,144.54,18-25
T1465,Store_2,Product_B,Toys,245.8,41-60
T958,Store_4,Product_F,Home,291.95,18-25
T964,Store_7,Product_B,Toys,14.45,41-60
T1255,Store_9,Product_A,Electronics,94.0,18-25
T1133,Store_7,Product_A,Toys,227.31,41-60
T135,Store_3,Product_H,Home,30.88,26-40
T1789,Store_3,Product_E,Clothing,118.57,18-25
T922,Store_7,Product_H,Home,239.39,60+
T1117,Store_1,Product_E,Toys,161.03,18-25
T141,Store_5,Product_H,Clothing,60.27,60+
T314,Store_7,Product_A,Home,112.21,41-60
T1101,Store_6,Product_H,Electronics,95.34,60+
T449,Store_9,Product_C,Groceries,8.03,26-40
T1976,Store_6,Product_H,Home,234.34,18-25
T1315,Store_5,Product_J,Groceries,159.21,18-25
T919,Store_3,Product_I,Home,233.5,60+
T238,Store_2,Product_J,Electronics,156.0,60+
T436,Store_8,Product_H,Electronics,253.76,26-40
T1796,Store_6,Product_F,Electronics,272.66,18-25
T1724,Store_9,Product_B,Clothing,78.77,18-25
T942,Store_6,Product_F,Toys,265.28,18-25
T1415,Store_3,Product_I,Clothing,161.09,26-40
T180,Store_9,Product_J,Groceries,51.16,41-60
T1678,Store_3,Product_C,Electronics,77.23,41-60
T1638,Store_4,Product_D,Groceries,47.42,18-25
T298,Store_7,Product_J,Electronics,90.35,41-60
T1298,Store_4,Product_A,Toys,67.59,60+
T49,Store_3,Product_F,Groceries,15.33,41-60
T211,Store_8,Product_G,Groceries,116.72,26-40
T305,Store_10,Product_A,Toys,143.98,41-60
T284,Store_3,Product_C,Electronics,273.29,18-25
T655,Store_4,Product_I,Toys,41.99,18-25
T1686,Store_4,Product_B,Groceries,209.48,26-40
T382,Store_3,Product_I,Clothing,218.62,18-25
T25,Store_3,Product_F,Home,83.51,18-25
T955,Store_10,Product_C,Toys,5.45,41-60
T1024,Store_2,Product_A,Clothing,208.96,26-40
T828,Store_3,Product_C,Toys,68.77,18-25
T636,Store_1,Product_J,Electronics,86.34,41-60
T1950,Store_4,Product_J,Home,66.68,26-40
T293,Store_6,Product_G,Clothing,213.8,60+
T739,Store_2,Product_F,Electronics,12.41,18-25
T343,Store_9,Product_H,Home,99.35,26-40
T1694,Store_6,Product_D,Electronics,289.54,26-40
T190,Store_3,Product_H,Groceries,201.2,18-25
T1198,Store_6,Product_G,Groceries,247.61,41-60
T1261,Store_6,Product_I,Electronics,109.75,60+
T528,Store_6,Product_E,Toys,233.24,26-40
T1804,Store_2,Product_D,Electronics,6.57,18-25
T336,Store_1,Product_B,Clothing,67.24,41-60
T1473,Store_9,Product_J,Home,157.59,26-40
T1337,Store_3,Product_J,Home,217.83,60+
T1731,Store_6,Product_G,Home,165.38,60+
T557,Store_6,Product_A,Toys,101.2,18-25
T1109,Store_2,Product_I,Clothing,238.14,26-40
T1684,Store_7,Product_J,Toys,116.78,60+
T518,Store_1,Product_C,Clothing,261.68,41-60
T1857,Store_4,Product_A,Toys,41.26,60+
T119,Store_3,Product_G,Clothing,85.06,60+
T1002,Store_1,Product_G,Home,41.86,41-60
T1443,Store_2,Product_A,Clothing,263.08,60+
T1379,Store_5,Product_F,Groceries,245.75,18-25
T874,Store_1,Product_E,Electronics,267.61,18-25
T421,Store_4,Product_C,Clothing,129.02,26-40
T509,Store_4,Product_F,Groceries,251.2,60+
T1898,Store_10,Product_A,Groceries,236.04,60+
T48,Store_7,Product_E,Toys,94.01,18-25
T1038,Store_8,Product_H,Toys,162.97,60+
T1035,Store_3,Product_E,Toys,210.69,60+
T1423,Store_8,Product_A,Electronics,244.48,26-40
T490,Store_1,Product_B,Home,148.2,26-40
T1662,Store_10,Product_I,Toys,194.3,60+
T524,Store_4,Product_D,Clothing,147.58,41-60
T1248,Store_2,Product_I,Home,98.58,60+
T1555,Store_1,Product_A,Groceries,65.61,26-40
T411,Store_7,Product_A,Home,178.24,26-40
T469,Store_9,Product_G,Clothing,22.93,41-60
T1098,Store_9,Product_J,Groceries,80.12,26-40
T427,Store_4,Product_J,Electronics,88.8,60+
T1132,Store_5,Product_J,Groceries,104.02,26-40
T1947,Store_10,Product_F,Clothing,265.77,41-60
T25,Store_8,Product_H,Clothing,231.26,41-60
T109,Store_4,Product_B,Home,16.65,41-60
T317,Store_10,Product_G,Clothing,217.82,26-40
T1724,Store_3,Product_G,Electronics,222.46,60+
T1098,Store_2,Product_A,Groceries,34.67,26-40
T1661,Store_10,Product_C,Clothing,271.9,60+
T105,Store_1,Product_I,Clothing,275.2,18-25
T405,Store_4,Product_G,Groceries,113.57,41-60
T1619,Store_2,Product_H,Clothing,244.28,26-40
T274,Store_4,Product_H,Electronics,281.14,41-60
T978,Store_2,Product_A,Electronics,223.3,60+
T1784,Store_4,Product_C,Toys,82.7,26-40
T1904,Store_9,Product_J,Toys,37.61,18-25
T444,Store_9,Product_G,Groceries,12.84,41-60
T1157,Store_9,Product_I,Clothing,197.42,26-40
T708,Store_1,Product_B,Home,95.81,41-60
T1508,Store_8,Product_B,Electronics,22.85,60+
T1441,Store_2,Product_H,Groceries,261.44,60+
T27,Store_10,Product_E,Groceries,99.31,41-60
T504,Store_10,Product_H,Electronics,287.83,60+
T1845,Store_10,Product_H,Groceries,213.9,41-60
T780,Store_8,Product_B,Home,140.71,18-25
T42,Store_2,Product_H,Groceries,269.47,26-40
T766,Store_7,Product_E,Electronics,222.86,60+
T377,Store_5,Product_E,Electronics,199.43,41-60
T1027,Store_2,Product_J,Clothing,279.17,18-25
T869,Store_6,Product_C,Home,103.01,41-60
T1835,Store_5,Product_J,Clothing,52.69,18-25
T1588,Store_4,Product_A,Toys,244.57,60+
T1035,Store_1,Product_E,Toys,79.42,18-25
T1789,Store_8,Product_B,Clothing,131.21,18-25
T1085,Store_6,Product_C,Electronics,13.8,41-60
T1796,Store_9,Product_B,Clothing,274.64,41-60
T1298,Store_9,Product_A,Groceries,53.09,26-40
T1088,Store_2,Product_B,Electronics,129.93,18-25
T1921,Store_5,Product_D,Electronics,218.6,41-60
T1300,Store_7,Product_D,Groceries,103.6,18-25
T967,Store_5,Product_D,Clothing,188.74,60+
T281,Store_5,Product_H,Groceries,167.04,26-40
T1999,Store_9,Product_A,Clothing,230.15,18-25
T832,Store_10,Product_F,Groceries,186.03,18-25
T904,Store_9,Product_D,Clothing,59.82,41-60
T1155,Store_2,Product_J,Electronics,121.76,18-25
T529,Store_6,Product_F,Clothing,45.58,60+
T1199,Store_1,Product_J,Home,149.0,18-25
T1459,Store_5,Product_H,Electronics,135.69,41-60
T747,Store_7,Product_J,Home,70.9,26-40
T647,Store_3,Product_E,Groceries,206.37,18-25
T448,Store_4,Product_A,Groceries,89.08,41-60
T1369,Store_4,Product_E,Clothing,232.18,18-25
T20,Store_4,Product_C,Electronics,140.1,60+
T1001,Store_10,Product_G,Clothing,262.72,26-40
T1811,Store_6,Product_F,Toys,200.05,18-25
T294,Store_10,Product_I,Home,182.22,18-25
T1049,Store_10,Product_G,Clothing,271.28,41-60
T823,Store_6,Product_E,Groceries,79.5,60+
T936,Store_4,Product_G,Electronics,124.95,41-60
T1764,Store_8,Product_F,Clothing,99.1,41-60
T1317,Store_2,Product_J,Electronics,291.31,26-40
T802,Store_4,Product_G,Clothing,253.22,41-60
T408,Store_3,Product_G,Clothing,163.57,60+
T624,Store_9,Product_D,Clothing,265.79,41-60
T1064,Store_4,Product_F,Toys,19.61,60+
T1687,Store_5,Product_E,Electronics,155.31,18-25
T1908,Store_4,Product_F,Toys,72.29,26-40
T639,Store_4,Product_A,Groceries,223.91,60+
T834,Store_3,Product_I,Groceries,36.68,18-25
T1477,Store_5,Product_C,Home,259.1,26-40
T1537,Store_5,Product_G,Home,146.55,41-60
T1058,Store_6,Product_C,Home,214.1,26-40
T608,Store_8,Product_A,Electronics,237.33,26-40
T418,Store_6,Product_J,Toys,139.41,26-40
T1868,Store_10,Product_E,Toys,108.47,41-60
T1002,Store_4,Product_D,Home,159.91,18-25
T1937,Store_9,Product_I,Toys,180.81,18-25
T839,Store_8,Product_F,Home,217.36,26-40
T544,Store_10,Product_E,Clothing,141.37,60+
T923,Store_10,Product_H,Electronics,50.04,41-60
T1845,Store_2,Product_F,Electronics,215.53,41-60
T393,Store_1,Product_D,Groceries,197.59,26-40
T1205,Store_9,Product_C,Home,126.26,60+
T1842,Store_2,Product_F,Home,43.54,60+
T1171,Store_6,Product_E,Electronics,156.75,60+
T1402,Store_10,Product_B,Toys,122.53,41-60
T1407,Store_7,Product_H,Clothing,150.78,18-25
T513,Store_9,Product_C,Groceries,282.68,41-60
T1114,Store_4,Product_G,Toys,281.58,26-40
T1552,Store_5,Product_C,Toys,151.8,26-40
T581,Store_6,Product_G,Groceries,124.23,60+
T1432,Store_4,Product_J,Electronics,6.44,18-25
T1766,Store_8,Product_E,Toys,161.73,26-40
T1570,Store_4,Product_C,Clothing,161.23,26-40
T1800,Store_2,Product_D,Toys,119.64,26-40
T1309,Store_10,Product_G,Electronics,223.45,18-25
T572,Store_4,Product_H,Electronics,227.97,41-60
T1754,Store_4,Product_G,Groceries,67.45,26-40
T1985,Store_4,Product_E,Home,123.93,18-25
T580,Store_9,Product_H,Groceries,74.78,41-60
T573,Store_10,Product_I,Electronics,217.31,18-25
T1081,Store_5,Product_B,Clothing,158.33,18-25
T1426,Store_6,Product_E,Groceries,132.08,41-60
T1503,Store_2,Product_C,Clothing,5.02,18-25
T1441,Store_4,Product_J,Toys,154.5,41-60
T1989,Store_3,Product_H,Electronics,214.15,41-60
T1879,Store_6,Product_A,Clothing,42.98,26-40
T1708,Store_4,Product_B,Toys,168.21,26-40
T529,Store_4,Product_H,Toys,270.37,18-25
T1500,Store_10,Product_H,Home,251.59,41-60
T1981,Store_1,Product_B,Home,105.56,18-25
T1978,Store_3,Product_F,Toys,89.84,60+
T1940,Store_9,Product_I,Toys,62.87,60+
T1148,Store_8,Product_A,Groceries,200.08,26-40
T775,Store_9,Product_G,Toys,234.96,60+
T361,Store_1,Product_H,Groceries,119.21,60+
T1233,Store_2,Product_G,Clothing,223.49,26-40
T1796,Store_5,Product_F,Clothing,96.58,41-60
T328,Store_10,Product_J,Groceries,238.8,60+
T385,Store_6,Product_C,Groceries,152.77,60+
T819,Store_1,Product_I,Clothing,190.78,60+
T875,Store_8,Product_H,Toys,82.61,18-25
T1713,Store_9,Product_H,Toys,230.89,18-25
T1326,Store_5,Product_H,Electronics,109.15,18-25
T597,Store_3,Product_I,Electronics,110.21,41-60
T1417,Store_8,Product_J,Home,235.64,26-40
T1642,Store_2,Product_C,Electronics,291.89,41-60
T690,Store_4,Product_G,Electronics,138.25,26-40
T1381,Store_4,Product_D,Home,100.77,41-60
T1629,Store_2,Product_A,Home,56.49,60+
T937,Store_7,Product_A,Groceries,212.19,18-25
T1648,Store_9,Product_G,Electronics,26.71,18-25
T210,Store_1,Product_G,Groceries,274.23,26-40
T1357,Store_4,Product_A,Clothing,153.82,26-40
T1486,Store_7,Product_E,Groceries,170.24,18-25
T1569,Store_7,Product_H,Home,227.25,26-40
T235,Store_2,Product_B,Toys,289.87,60+
T1415,Store_4,Product_D,Groceries,75.15,41-60
T561,Store_2,Product_B,Electronics,107.82,26-40
T340,Store_4,Product_G,Groceries,19.86,41-60
T469,Store_7,Product_I,Groceries,202.96,41-60
T1603,Store_6,Product_E,Clothing,220.43,41-60
T331,Store_10,Product_F,Toys,75.39,18-25
T178,Store_10,Product_J,Electronics,90.54,60+
T1170,Store_7,Product_B,Electronics,113.55,18-25
T429,Store_9,Product_C,Clothing,182.98,41-60
T1799,Store_8,Product_H,Groceries,298.88,60+
T736,Store_2,Product_J,Groceries,133.45,18-25
T167,Store_8,Product_I,Toys,274.18,18-25
T1820,Store_9,Product_C,Clothing,170.01,60+
T380,Store_10,Product_J,Electronics,176.52,18-25
T1097,Store_6,Product_I,Electronics,62.67,26-40
T979,Store_9,Product_E,Toys,194.69,60+
T279,Store_1,Product_E,Home,167.69,26-40
T762,Store_6,Product_G,Clothing,258.16,26-40
T40,Store_3,Product_C,Clothing,221.01,18-25
T1455,Store_7,Product_B,Clothing,164.99,18-25
T1175,Store_5,Product_J,Electronics,122.89,18-25
T1932,Store_10,Product_J,Groceries,246.47,41-60
T938,Store_2,Product_G,Clothing,226.6,41-60
T543,Store_2,Product_A,Groceries,93.9,41-60
T1247,Store_2,Product_H,Clothing,166.07,18-25
T500,Store_9,Product_C,Electronics,138.34,26-40
T728,Store_6,Product_A,Toys,233.72,60+
T1627,Store_4,Product_J,Clothing,192.57,60+
T1126,Store_7,Product_G,Home,68.79,60+
T789,Store_3,Product_B,Home,61.97,41-60
T1946,Store_5,Product_H,Groceries,136.19,18-25
